,Title,Year,RuntimeMin,GenreMain,RatingAvg,Votes,Studio,GrossLifetime,Awards,Nominations
415,Anna Karenina,1914,NaN,Drama,5.6,14.0,Focus,12816367.0,1.0,4.0
902,Anna Karenina,1915,NaN,Drama,4.3,7.0,Focus,12816367.0,1.0,4.0
2124,The Patriot,1916,50,Western,7.4,8.0,Sony,113330342.0,1.0,5.0
2701,Great Expectations,1917,50,Drama,5.8,16.0,Fox,26420672.0,2.0,5.0
3306,Anna Karenina,1918,53,Drama,5.3,18.0,Focus,12816367.0,1.0,4.0
4680,Around the World in 80 Days,1919,121,Adventure,6.7,6.0,UA,42000000.0,5.0,8.0
4681,Around the World in 80 Days,1919,121,Adventure,6.7,6.0,BV,24008137.0,5.0,8.0
5279,The Last of the Mohicans,1920,73,Action,6.7,1074.0,Fox,75505856.0,1.0,1.0
7887,The Ten Commandments,1923,136,Biography,6.8,1848.0,Par.,65500000.0,1.0,7.0
7994,The Age of Innocence,1924,NaN,Drama,6.5,30.0,Col.,32255440.0,1.0,5.0
8831,Braveheart,1925,71,Western,7.0,175.0,Par.,75609945.0,5.0,10.0
9576,The Wizard of Oz,1925,81,Adventure,5.1,1380.0,MGM,22342633.0,2.0,17.0
10564,Chicago,1927,118,Comedy,7.1,360.0,Mira.,170687518.0,6.0,13.0
10809,The Jazz Singer,1927,88,Drama,6.5,8610.0,Uni.,27118000.0,1.0,1.0
11220,Underworld,1927,80,Crime,7.6,2437.0,SGem,51970690.0,1.0,1.0
12016,Tempest,1928,102,Drama,6.8,327.0,Col.,5005245.0,1.0,1.0
12198,The Aviator,1929,75,Comedy,6.9,8.0,Mira.,102610330.0,5.0,11.0
12235,The Bridge of San Luis Rey,1929,86,Drama,6.9,46.0,FL,49981.0,1.0,1.0
12732,The River,1928,84,Drama,7.2,516.0,Uni.,11489982.0,1.0,4.0
12921,Wall Street,1929,68,Drama,6.3,13.0,Fox,43848069.0,1.0,1.0
13790,The Champ,1931,86,Drama,7.3,2596.0,MGM,30441738.0,2.0,4.0
14653,Emma,1932,72,Drama,7.0,870.0,Mira.,22231658.0,1.0,2.0
14843,The Last of the Mohicans,1932,231,Action,6.2,118.0,Fox,75505856.0,1.0,1.0
15535,The Fugitive,1933,60,Adventure,5.3,12.0,WB,183875760.0,1.0,7.0
15681,King Kong,1933,100,Adventure,7.9,76307.0,Uni.,218080025.0,3.0,4.0
15682,King Kong,1933,100,Adventure,7.9,76307.0,Uni.,218080025.0,1.0,2.0
15790,Morning Glory,1933,74,Drama,6.4,2503.0,Par.,31011732.0,1.0,1.0
16072,Love Story,1933,82,NaN,7.0,41.0,Par.,106397186.0,1.0,7.0
16152,The Age of Innocence,1934,81,Drama,6.3,373.0,Col.,32255440.0,1.0,5.0
16443,Great Expectations,1934,102,Drama,6.4,141.0,Fox,26420672.0,2.0,5.0
16680,Million Dollar Baby,1934,65,Comedy,6.4,17.0,WB,100492203.0,4.0,7.0
17119,Anna Karenina,1935,95,Drama,7.0,4766.0,Focus,12816367.0,1.0,4.0
17623,A Midsummer Night's Dream,1935,133,Comedy,6.9,3038.0,FoxS,16071990.0,2.0,11.0
17885,Suicide Squad,1935,58,Action,4.8,99.0,WB,325100054.0,1.0,1.0
18018,The Woman in Red,1935,68,Drama,6.2,524.0,Orion,25308147.0,1.0,1.0
18541,The Last of the Mohicans,1936,91,Adventure,6.6,1138.0,Fox,75505856.0,1.0,1.0
18883,Speed,1936,70,Action,5.9,404.0,Fox,121248145.0,2.0,3.0
18927,Tango,1936,66,Drama,5.7,32.0,SPC,1897948.0,1.0,1.0
19291,Dick Tracy,1937,290,Action,6.7,532.0,BV,103738726.0,3.0,7.0
19477,The Hurricane,1937,110,Action,7.2,2212.0,Uni.,50699241.0,1.0,3.0
19519,King Solomon's Mines,1937,77,Action,6.3,1022.0,Can.,15057465.0,2.0,3.0
19902,Snow White and the Seven Dwarfs,1937,83,Animation,7.6,173818.0,Dis.,184925486.0,1.0,1.0
19921,A Star Is Born,1937,111,Drama,7.3,8219.0,WB,4335968.0,1.0,8.0
19922,A Star Is Born,1937,111,Drama,7.3,8219.0,WB,4335968.0,1.0,4.0
19923,A Star Is Born,1937,111,Drama,7.3,8219.0,WB,4335968.0,2.0,7.0
20566,Marie Antoinette,1938,149,Biography,7.4,2561.0,Sony,15962471.0,1.0,1.0
21332,Gone with the Wind,1939,238,Drama,8.1,276815.0,MGM,198676459.0,10.0,13.0
21652,The Fugitive,1939,94,Drama,6.7,174.0,WB,183875760.0,1.0,7.0
21950,The Wizard of Oz,1939,102,Adventure,8.0,362680.0,MGM,22342633.0,2.0,17.0
22208,Fantasia,1940,125,Animation,7.8,85245.0,Dis.,76408097.0,2.0,0.0
22574,Pinocchio,1940,88,Animation,7.4,124585.0,Dis.,84254167.0,2.0,2.0
22575,Pinocchio,1940,88,Animation,7.4,124585.0,Mira.,3684305.0,2.0,2.0
22593,Pride and Prejudice,1940,118,Drama,7.4,7088.0,Focus,38405088.0,1.0,1.0
23005,Citizen Kane,1941,119,Drama,8.3,381236.0,RKO,1585634.0,1.0,9.0
23363,Million Dollar Baby,1941,100,Comedy,6.4,378.0,WB,100492203.0,4.0,7.0
23560,Sergeant York,1941,134,Biography,7.7,14639.0,WB,16361885.0,2.0,11.0
23894,Casablanca,1942,102,Drama,8.5,500123.0,WB,4108411.0,3.0,8.0
24148,The Jungle Book,1942,108,Action,6.7,3621.0,Dis.,141843612.0,1.0,1.0
24270,Midnight in Paris,1942,106,Crime,6.4,104.0,SPC,56817045.0,1.0,4.0
24751,Batman,1943,260,Action,6.4,1758.0,WB,251188924.0,1.0,1.0
25387,Titanic,1943,85,Action,6.2,1327.0,Par.,659363944.0,11.0,14.0
25388,Titanic,1943,85,Action,6.2,1327.0,Par.,659363944.0,1.0,2.0
25563,The Bridge of San Luis Rey,1944,107,Drama,5.7,164.0,FL,49981.0,1.0,1.0
25718,The Best Years of Our Lives,1946,170,Drama,8.0,55312.0,RKO,23650000.0,7.0,8.0
25751,Henry V,1944,137,Biography,7.1,5492.0,Gold.,10161099.0,1.0,3.0
25752,Henry V,1944,137,Biography,7.1,5492.0,Gold.,10161099.0,1.0,4.0
26214,Wilson,1944,154,Biography,6.4,1377.0,FoxS,653951.0,5.0,10.0
26269,The Bells of St. Mary's,1945,126,Drama,7.3,6762.0,RKO,21333333.0,1.0,8.0
26359,Dick Tracy,1945,61,Action,6.0,1147.0,BV,103738726.0,3.0,7.0
26931,Beauty and the Beast,1946,96,Drama,7.9,23278.0,BV,218967620.0,2.0,6.0
27125,Great Expectations,1946,118,Adventure,7.8,21117.0,Fox,26420672.0,2.0,5.0
27173,Inside Job,1946,65,Crime,5.9,129.0,SPC,4312735.0,1.0,1.0
27366,The Razor's Edge,1946,145,Drama,7.4,5126.0,Col.,6551987.0,1.0,4.0
27791,The Fugitive,1947,104,Drama,6.3,1989.0,WB,183875760.0,1.0,7.0
28298,The Accused,1949,101,Drama,6.9,705.0,Par.,32078318.0,1.0,1.0
28324,Anna Karenina,1948,139,Drama,6.7,2352.0,Focus,12816367.0,1.0,4.0
28831,Rocky,1948,76,Drama,6.6,31.0,UA,117235147.0,3.0,10.0
28924,Superman,1948,244,Sci-Fi,7.0,900.0,WB,134218018.0,1.0,3.0
29010,Whiplash,1948,91,Drama,6.6,326.0,SPC,13092000.0,3.0,5.0
29062,All the King's Men,1949,110,Drama,7.5,12571.0,Sony,7221458.0,3.0,7.0
29167,Champion,1949,99,Drama,7.4,3510.0,AAE,175232.0,1.0,6.0
29314,Grand Canyon,1949,65,Comedy,6.6,13.0,Fox,33243020.0,1.0,1.0
29317,The Great Gatsby,1949,91,Drama,6.6,623.0,Par.,20563273.0,2.0,2.0
29318,The Great Gatsby,1949,91,Drama,6.6,623.0,Par.,20563273.0,2.0,2.0
29507,Mighty Joe Young,1949,94,Adventure,7.0,4381.0,BV,50632037.0,1.0,1.0
29770,The Third Man,1949,104,Film-Noir,8.1,152130.0,Selz.,618173.0,1.0,3.0
29872,All About Eve,1950,138,Drama,8.2,115018.0,Fox,63463.0,6.0,14.0
29950,Born Yesterday,1950,103,Comedy,7.6,9505.0,BV,17952857.0,1.0,5.0
30027,Cyrano de Bergerac,1950,113,Adventure,7.5,3499.0,OrionC,5820020.0,1.0,5.0
30028,Cyrano de Bergerac,1950,113,Adventure,7.5,3499.0,OrionC,5820020.0,1.0,1.0
30262,King Solomon's Mines,1950,103,Action,6.8,5457.0,Can.,15057465.0,2.0,3.0
30266,Kon-Tiki,1950,77,Documentary,8.0,2246.0,Wein.,1517410.0,1.0,1.0
31325,The River,1951,99,Drama,7.5,5330.0,Uni.,11489982.0,1.0,4.0
31376,Boyhood,1951,111,Drama,7.0,65.0,IFC,25352281.0,1.0,6.0
31792,Fargo,1952,69,Action,7.0,139.0,Gram.,24611975.0,2.0,7.0
31801,The Fighter,1952,78,Drama,6.1,99.0,Par.,93617009.0,2.0,7.0
31849,The Greatest Show on Earth,1952,152,Drama,6.6,12297.0,Par.,36000000.0,2.0,5.0
31929,The Jazz Singer,1952,107,Drama,5.7,288.0,Uni.,27118000.0,1.0,1.0
31996,Limelight,1952,137,Drama,8.1,17019.0,Magn.,60335.0,1.0,7.0
33128,The Robe,1953,135,Drama,6.7,8903.0,Fox,36000000.0,2.0,5.0
33290,Titanic,1953,98,Drama,7.0,6082.0,Par.,659363944.0,11.0,14.0
33291,Titanic,1953,98,Drama,7.0,6082.0,Par.,659363944.0,1.0,2.0
34071,Sabrina,1954,113,Comedy,7.7,56275.0,Par.,53672080.0,1.0,6.0
34139,A Star Is Born,1954,154,Drama,7.6,14970.0,WB,4335968.0,1.0,8.0
34140,A Star Is Born,1954,154,Drama,7.6,14970.0,WB,4335968.0,1.0,4.0
34141,A Star Is Born,1954,154,Drama,7.6,14970.0,WB,4335968.0,2.0,7.0
34987,Snow White and the Seven Dwarfs,1955,76,Family,5.1,162.0,Dis.,184925486.0,1.0,1.0
35109,Top Gun,1955,73,Western,6.2,493.0,Par.,179800601.0,1.0,4.0
35230,Anastasia,1956,105,Biography,7.0,7236.0,Fox,58406347.0,1.0,2.0
35241,Around the World in 80 Days,1956,167,Adventure,6.8,23447.0,UA,42000000.0,5.0,8.0
35242,Around the World in 80 Days,1956,167,Adventure,6.8,23447.0,BV,24008137.0,5.0,8.0
35305,The Brave One,1956,100,Drama,6.6,711.0,WB,36793804.0,1.0,3.0
35503,Giant,1956,201,Drama,7.6,32602.0,WB,177909.0,1.0,10.0
35510,Glory,1956,100,Drama,5.7,189.0,TriS,26828365.0,3.0,5.0
35963,Somebody Up There Likes Me,1956,113,Biography,7.5,7042.0,Trib.,89435.0,2.0,3.0
36015,The Ten Commandments,1956,220,Adventure,7.8,61170.0,Par.,65500000.0,1.0,7.0
36271,The Bridge on the River Kwai,1957,161,Adventure,8.1,194845.0,Col.,27200000.0,7.0,8.0
37373,Dunkirk,1958,135,Action,7.0,2555.0,WB,190068280.0,3.0,8.0
37422,The Fly,1958,94,Drama,7.1,19904.0,Fox,40456565.0,1.0,1.0
37985,Tempest,1958,120,Adventure,6.4,188.0,Col.,5005245.0,1.0,1.0
38204,Ben-Hur,1959,212,Adventure,8.1,211066.0,MGM,74000000.0,11.0,12.0
38556,Speed,1959,90,Drama,6.1,360.0,Fox,121248145.0,2.0,3.0
38759,A Midsummer Night's Dream,1959,76,Animation,7.2,316.0,FoxS,16071990.0,2.0,11.0
39625,Spartacus,1960,197,Adventure,7.9,119349.0,Uni.,1830650.0,4.0,6.0
39671,The Time Machine,1960,103,Adventure,7.6,34713.0,DW,56832494.0,1.0,1.0
40668,West Side Story,1961,153,Crime,7.5,92384.0,MGM,44064958.0,10.0,11.0
40763,Beauty and the Beast,1962,77,Family,4.6,227.0,BV,218967620.0,2.0,6.0
41024,How the West Was Won,1962,164,Western,7.1,17756.0,CRC,76729.0,3.0,8.0
41100,Lawrence of Arabia,1962,228,Adventure,8.3,255706.0,Col.,44824144.0,7.0,10.0
41196,No Man's Land,1962,96,Drama,5.6,27.0,MGM,1012153.0,1.0,1.0
42652,Goldfinger,1964,110,Action,7.7,166012.0,UA,51081062.0,1.0,1.0
42801,Mary Poppins,1964,139,Comedy,7.8,151432.0,Dis.,102272727.0,5.0,13.0
42847,My Fair Lady,1964,170,Drama,7.8,83292.0,WB,72000000.0,8.0,12.0
43393,Doctor Zhivago,1965,197,Drama,8.0,67084.0,MGM,111721910.0,5.0,10.0
43883,The Sound of Music,1965,172,Biography,8.0,194932.0,Fox,158671368.0,5.0,10.0
43927,Thunderball,1965,130,Action,7.0,100885.0,UA,63595658.0,1.0,1.0
44143,Batman,1966,105,Adventure,6.5,28702.0,WB,251188924.0,1.0,1.0
44538,A Midsummer Night's Dream,1967,93,Music,7.2,20.0,FoxS,16071990.0,2.0,11.0
44903,Who's Afraid of Virginia Woolf?,1966,131,Drama,8.0,66619.0,WB,28000000.0,5.0,13.0
44969,Anna Karenina,1967,145,Drama,7.1,827.0,Focus,12816367.0,1.0,4.0
45142,Doctor Dolittle,1967,152,Adventure,6.2,8201.0,Fox,144156605.0,2.0,9.0
45246,The Graduate,1967,106,Comedy,8.0,246305.0,AVCO,104945305.0,1.0,7.0
45259,Guess Who's Coming to Dinner,1967,108,Comedy,7.8,37258.0,Col.,56666667.0,2.0,10.0
45352,The Jungle Book,1967,78,Adventure,7.6,159315.0,Dis.,141843612.0,1.0,1.0
45764,Pinocchio,1967,75,Adventure,7.2,23.0,Dis.,84254167.0,2.0,2.0
45765,Pinocchio,1967,75,Adventure,7.2,23.0,Mira.,3684305.0,2.0,2.0
45883,2001: A Space Odyssey,1968,149,Adventure,8.3,574735.0,MGM,58588800.0,1.0,4.0
46021,Charly,1968,103,Drama,7.0,5999.0,Excel,814666.0,1.0,1.0
46186,Funny Girl,1968,151,Biography,7.4,17999.0,Col.,52223306.0,1.0,8.0
46372,The Lion in Winter,1968,134,Biography,7.9,27986.0,Emb,18177.0,3.0,7.0
46421,A Midsummer Night's Dream,1968,124,Comedy,6.4,632.0,FoxS,16071990.0,2.0,11.0
46531,Planet of the Apes,1968,112,Adventure,8.0,160690.0,Fox,32589624.0,1.0,2.0
46543,The Producers,1967,88,Comedy,7.6,48073.0,Uni.,19398532.0,1.0,2.0
46555,The Queen,1968,68,Documentary,7.3,441.0,Mira.,56441711.0,1.0,6.0
46718,The Thomas Crown Affair,1968,102,Crime,7.0,21536.0,MGM,69305181.0,1.0,2.0
46961,Butch Cassidy and the Sundance Kid,1969,110,Biography,8.0,196115.0,Fox,102308889.0,4.0,7.0
47398,Midnight Cowboy,1969,113,Drama,7.8,96306.0,UA,44785053.0,3.0,7.0
47761,True Grit,1969,128,Adventure,7.4,40804.0,Par.,171243005.0,1.0,2.0
47899,Airport,1970,137,Action,6.6,16707.0,Uni.,100489151.0,1.0,10.0
48393,Love Story,1970,100,Drama,6.9,28817.0,Par.,106397186.0,1.0,7.0
48547,Patton,1970,172,Biography,7.9,91119.0,Fox,61749765.0,7.0,10.0
49123,Pinocchio,1971,74,Comedy,3.6,139.0,Dis.,84254167.0,2.0,2.0
49124,Pinocchio,1971,74,Comedy,3.6,139.0,Mira.,3684305.0,2.0,2.0
49141,Fiddler on the Roof,1971,181,Drama,8.0,37234.0,UA,10404330.0,3.0,8.0
49158,The French Connection,1971,104,Action,7.7,104774.0,Fox,51700000.0,5.0,8.0
49189,Great Expectations,1971,NaN,NaN,5.9,10.0,Fox,26420672.0,2.0,5.0
49314,The Last Picture Show,1971,118,Drama,8.0,39997.0,Col.,29133000.0,2.0,8.0
49634,Shaft,1971,100,Action,6.6,15878.0,Par.,70334258.0,1.0,2.0
50241,The Godfather,1972,175,Crime,9.2,1534442.0,Par.,134966411.0,3.0,14.0
50602,The Poseidon Adventure,1972,117,Action,7.1,39351.0,Fox,84563118.0,2.0,8.0
51214,The Exorcist,1973,122,Horror,8.0,348863.0,WB,232906145.0,2.0,10.0
51420,The Little Mermaid,1975,68,Adventure,7.4,778.0,BV,111543479.0,2.0,3.0
51724,The Sting,1973,129,Comedy,8.3,231619.0,Uni.,156000000.0,7.0,10.0
51737,Superman,1973,104,Action,6.3,180.0,WB,134218018.0,1.0,3.0
51849,The Way We Were,1973,118,Drama,7.1,21259.0,Col.,45000000.0,2.0,6.0
51930,Alice Doesn't Live Here Anymore,1974,112,Drama,7.3,20342.0,WB,18600000.0,1.0,3.0
51937,Amarcord,1973,123,Comedy,7.9,37779.0,Jan.,125493.0,1.0,6.0
52088,Chinatown,1974,130,Drama,8.2,280255.0,Par.,29200000.0,1.0,11.0
52122,Crash,1974,90,Drama,4.4,44.0,Lions,54580300.0,3.0,6.0
52187,Earthquake,1974,122,Action,5.9,13154.0,Uni.,79666653.0,1.0,4.0
52277,The Great Gatsby,1974,144,Drama,6.4,22772.0,Par.,20563273.0,2.0,2.0
52278,The Great Gatsby,1974,144,Drama,6.4,22772.0,Par.,20563273.0,2.0,2.0
52495,Murder on the Orient Express,1974,128,Crime,7.3,52678.0,Par.,27634716.0,1.0,6.0
52540,Once,1973,100,Fantasy,6.6,14.0,FoxS,9439923.0,1.0,1.0
52610,Scent of a Woman,1974,103,Comedy,7.6,3647.0,Uni.,63095253.0,1.0,4.0
52808,The Towering Inferno,1974,165,Action,7.0,37484.0,Fox,116000000.0,3.0,8.0
53025,The Box,1975,100,Drama,7.0,25.0,WB,15051977.0,1.0,1.0
53144,Dog Day Afternoon,1975,125,Biography,8.0,226729.0,WB,50000000.0,1.0,6.0
53331,Independence Day,1976,87,Drama,6.5,99.0,Fox,306169268.0,1.0,2.0
53338,Inside Out,1975,97,Comedy,5.9,354.0,BV,356461711.0,1.0,2.0
53351,Jaws,1975,124,Adventure,8.0,526808.0,Uni.,260000000.0,3.0,4.0
53510,Nashville,1975,160,Comedy,7.7,22390.0,Par.,9984123.0,1.0,5.0
53685,Shampoo,1975,109,Comedy,6.3,10287.0,Col.,49407734.0,1.0,4.0
53896,All the President's Men,1976,138,Biography,8.0,97612.0,WB,70600000.0,4.0,8.0
54355,King Kong,1976,134,Adventure,5.9,28654.0,Uni.,218080025.0,3.0,4.0
54356,King Kong,1976,134,Adventure,5.9,28654.0,Uni.,218080025.0,1.0,2.0
54417,The Little Mermaid,1976,84,Drama,7.1,597.0,BV,111543479.0,2.0,3.0
54503,Network,1976,121,Drama,8.1,138618.0,MGM,23689877.0,4.0,10.0
54538,The Omen,1976,111,Horror,7.5,102838.0,Fox,60922980.0,1.0,2.0
54644,Rocky,1976,120,Drama,8.1,497103.0,UA,117235147.0,3.0,10.0
54735,A Star Is Born,1976,139,Drama,6.1,9412.0,WB,4335968.0,1.0,8.0
54736,A Star Is Born,1976,139,Drama,6.1,9412.0,WB,4335968.0,1.0,4.0
54737,A Star Is Born,1976,139,Drama,6.1,9412.0,WB,4335968.0,2.0,7.0
54937,Annie Hall,1977,93,Comedy,8.0,244743.0,UA,38251425.0,4.0,5.0
55068,Close Encounters of the Third Kind,1977,138,Drama,7.6,176145.0,Col.,135189114.0,2.0,8.0
55980,The Buddy Holly Story,1978,114,Biography,7.2,7856.0,Col.,14363400.0,1.0,3.0
56037,Coming Home,1978,127,Drama,7.3,11802.0,UA,32653905.0,3.0,8.0
56066,Days of Heaven,1978,94,Drama,7.9,49300.0,Par.,3446749.0,1.0,4.0
56070,Death on the Nile,1978,140,Crime,7.3,26514.0,Par.,14560084.0,1.0,1.0
56072,The Deer Hunter,1978,183,Drama,8.1,298424.0,Uni.,48979328.0,5.0,9.0
56270,Whiplash,1974,90,Action,5.8,15.0,SPC,13092000.0,3.0,5.0
56428,Midnight Express,1978,121,Biography,7.6,69878.0,Col.,35000000.0,2.0,6.0
56521,Beauty and the Beast,1978,91,Fantasy,7.6,1031.0,BV,218967620.0,2.0,6.0
56729,Superman,1978,143,Action,7.3,153800.0,WB,134218018.0,1.0,3.0
56905,Alien,1979,117,Horror,8.4,752887.0,Fox,80931801.0,1.0,2.0
56909,All That Jazz,1979,123,Drama,7.9,26260.0,Fox,37823676.0,4.0,9.0
56933,Apocalypse Now,1979,147,Drama,8.4,578710.0,MGM,83471511.0,2.0,8.0
56972,Being There,1979,130,Comedy,8.0,62992.0,MGM,30177511.0,1.0,2.0
56998,The Black Stallion,1979,118,Adventure,7.3,11183.0,UA,37799643.0,1.0,2.0
57021,Breaking Away,1979,101,Comedy,7.7,20853.0,Fox,16424918.0,1.0,5.0
57059,The Champ,1979,121,Drama,6.9,7534.0,MGM,30441738.0,2.0,4.0
57544,Norma Rae,1979,114,Drama,7.3,9878.0,Fox,22228000.0,2.0,4.0
57676,The River,1977,NaN,Action,4.6,8.0,Uni.,11489982.0,1.0,4.0
57773,Star Trek,1979,132,Adventure,6.4,78376.0,Par.,257730019.0,1.0,4.0
57807,Tess,1979,170,Drama,7.3,14420.0,Col.,20093330.0,3.0,6.0
58110,Coal Miner's Daughter,1980,124,Biography,7.5,15954.0,Uni.,67182787.0,1.0,7.0
58397,The Jazz Singer,1980,115,Drama,5.9,3696.0,Uni.,27118000.0,1.0,1.0
58531,Melvin and Howard,1980,95,Comedy,6.8,4234.0,Uni.,4309490.0,2.0,3.0
58619,Ordinary People,1980,124,Drama,7.7,44602.0,Par.,54766923.0,4.0,6.0
58697,Raging Bull,1980,129,Biography,8.2,306978.0,MGM,23383987.0,2.0,8.0
59034,An American Werewolf in London,1981,97,Comedy,7.5,87298.0,Uni.,30565292.0,1.0,1.0
59039,Amy,1981,100,Drama,6.6,264.0,A24,8413144.0,1.0,1.0
59046,Arthur,1981,97,Comedy,6.9,24912.0,WB,95461682.0,2.0,4.0
59134,Chariots of Fire,1981,125,Biography,7.2,52002.0,Col.,58972904.0,4.0,7.0
59372,Quest for Fire,1981,100,Adventure,7.3,19901.0,Fox,20959585.0,1.0,1.0
59635,On Golden Pond,1981,109,Drama,7.6,26461.0,Uni.,119285432.0,3.0,10.0
59732,Raiders of the Lost Ark,1981,115,Action,8.4,850066.0,Par.,248159971.0,5.0,8.0
59739,Reds,1981,195,Biography,7.3,19892.0,Par.,40382659.0,3.0,12.0
60252,The Patriot,1982,165,Action,6.0,497.0,Sony,113330342.0,1.0,5.0
60369,Gandhi,1982,191,Biography,8.0,212754.0,Col.,52767889.0,8.0,11.0
60609,Missing,1982,122,Biography,7.7,17660.0,Uni.,14000000.0,1.0,4.0
60611,The Mission,1983,103,Drama,6.6,165.0,WB,17218023.0,1.0,7.0
60674,An Officer and a Gentleman,1982,124,Drama,7.0,46732.0,Par.,129795554.0,2.0,6.0
60690,The Wizard of Oz,1982,78,Adventure,6.8,333.0,MGM,22342633.0,2.0,17.0
60866,Sophie's Choice,1982,150,Drama,7.6,39565.0,Uni.,30036000.0,1.0,5.0
60913,Tempest,1982,140,Comedy,6.5,2082.0,Col.,5005245.0,1.0,1.0
60925,All the King's Men,1983,100,Action,7.8,46.0,Sony,7221458.0,3.0,7.0
60931,Tootsie,1982,116,Comedy,7.4,93779.0,Col.,177200000.0,1.0,10.0
61378,Flashdance,1983,95,Drama,6.2,45335.0,Par.,92921203.0,1.0,4.0
61491,Independence Day,1983,110,Drama,6.4,435.0,Fox,306169268.0,1.0,2.0
61832,The Right Stuff,1983,193,Adventure,7.8,54184.0,WB,21192102.0,4.0,8.0
61917,Beauty and the Beast,1983,87,Drama,7.0,468.0,BV,218967620.0,2.0,6.0
61989,Tender Mercies,1983,92,Drama,7.4,8894.0,Uni.,8443124.0,2.0,5.0
61991,Terms of Endearment,1983,132,Comedy,7.4,52402.0,Par.,108423489.0,5.0,11.0
62130,The Year of Living Dangerously,1982,115,Drama,7.1,18638.0,WB,10278575.0,1.0,1.0
62132,Yentl,1983,133,Drama,6.5,12036.0,MGM,40218899.0,1.0,5.0
62199,Amadeus,1984,160,Biography,8.3,354381.0,Orion,51973029.0,8.0,11.0
62597,Indiana Jones and the Temple of Doom,1984,118,Action,7.6,428758.0,Par.,179870271.0,1.0,2.0
62660,The Killing Fields,1984,141,Biography,7.8,49523.0,WB,34700291.0,3.0,7.0
62890,A Passage to India,1984,164,Adventure,7.3,16287.0,Col.,27187653.0,2.0,11.0
62911,Places in the Heart,1984,111,Drama,7.3,9808.0,TriS,34901614.0,2.0,7.0
62937,Purple Rain,1984,111,Drama,6.6,18675.0,WB,70261052.0,1.0,1.0
62953,The Razor's Edge,1984,128,Drama,6.6,4827.0,Col.,6551987.0,1.0,4.0
62972,The River,1984,124,Drama,6.3,6114.0,Uni.,11489982.0,1.0,4.0
63260,The Woman in Red,1984,87,Comedy,5.9,13315.0,Orion,25308147.0,1.0,1.0
63373,The Aviator,1985,96,Adventure,5.5,1071.0,Mira.,102610330.0,5.0,11.0
63376,Back to the Future,1985,116,Adventure,8.5,994803.0,Uni.,210609762.0,1.0,4.0
63489,Cocoon,1985,117,Comedy,6.7,54851.0,Fox,76113124.0,2.0,2.0
63827,King Solomon's Mines,1985,100,Action,5.3,12019.0,Can.,15057465.0,2.0,3.0
63829,Kiss of the Spider Woman,1985,120,Drama,7.4,13603.0,IsAl,17005229.0,1.0,4.0
63915,Mask,1985,120,Biography,7.2,25007.0,Uni.,48230162.0,1.0,1.0
64011,No Man's Land,1985,110,Drama,6.5,94.0,MGM,1012153.0,1.0,1.0
64055,Out of Africa,1985,161,Biography,7.2,68618.0,Uni.,87071205.0,7.0,11.0
64119,Prizzi's Honor,1985,130,Comedy,6.7,21926.0,Fox,26657534.0,1.0,8.0
64155,Ran,1985,162,Action,8.2,105437.0,OrionC,4135750.0,1.0,4.0
64365,The Trip to Bountiful,1985,108,Drama,7.5,3870.0,Isld,7491903.0,1.0,2.0
64389,Underworld,1985,103,Action,4.2,881.0,SGem,51970690.0,1.0,1.0
64460,White Nights,1985,136,Drama,6.7,6426.0,Col.,42160849.0,1.0,2.0
64467,Witness,1985,112,Crime,7.4,82518.0,Par.,68706993.0,2.0,8.0
64552,Aladdin,1986,95,Adventure,5.4,2836.0,BV,217350219.0,2.0,5.0
64553,Aliens,1986,137,Action,8.3,628357.0,Fox,85160248.0,2.0,7.0
64702,Children of a Lesser God,1986,119,Drama,7.2,14355.0,Par.,31853080.0,1.0,5.0
64723,The Color of Money,1986,119,Drama,7.0,71354.0,BV,52293982.0,1.0,4.0
64863,The Fly,1986,96,Drama,7.5,152352.0,Fox,40456565.0,1.0,1.0
64937,Hannah and Her Sisters,1986,107,Comedy,7.9,64447.0,Orion,40084041.0,3.0,7.0
64983,The Last Emperor,1986,89,Drama,5.1,69.0,Col.,43984230.0,9.0,9.0
65009,Inside Out,1986,87,Drama,6.3,194.0,BV,356461711.0,1.0,2.0
65193,The Mission,1986,125,Adventure,7.4,53626.0,WB,17218023.0,1.0,7.0
65342,The Patriot,1986,88,Action,2.8,309.0,Sony,113330342.0,1.0,5.0
65364,Platoon,1986,120,Drama,8.1,367296.0,Orion,138530565.0,4.0,8.0
65437,A Room with a View,1985,117,Drama,7.3,37626.0,Cinc,20966644.0,3.0,8.0
65587,Top Gun,1986,110,Action,6.9,278216.0,Par.,179800601.0,1.0,4.0
65838,Beauty and the Beast,1987,94,Family,6.1,599.0,BV,218967620.0,2.0,6.0
65992,Dead Man Walking,1988,90,Action,5.1,301.0,Gram.,39363635.0,1.0,4.0
66027,Dirty Dancing,1987,100,Drama,7.0,191188.0,Vest,63954274.0,1.0,1.0
66112,The Fighter,1989,100,Action,4.3,66.0,Par.,93617009.0,2.0,7.0
66199,Harry and the Hendersons,1987,110,Comedy,6.0,30043.0,Uni.,29760613.0,1.0,1.0
66280,Innerspace,1987,120,Action,6.8,52052.0,WB,25893810.0,1.0,1.0
66377,The Last Emperor,1987,163,Biography,7.7,89653.0,Col.,43984230.0,9.0,9.0
66498,Moonstruck,1987,102,Comedy,7.1,46774.0,MGM,80640528.0,3.0,6.0
66551,No Man's Land,1987,106,Crime,6.1,4004.0,MGM,1012153.0,1.0,1.0
66969,The Untouchables,1987,119,Crime,7.9,267522.0,Par.,76270454.0,1.0,4.0
67017,Wall Street,1987,126,Crime,7.4,138849.0,Fox,43848069.0,1.0,1.0
67117,The Accidental Tourist,1988,121,Drama,6.8,14291.0,WB,32632093.0,1.0,4.0
67119,The Accused,1988,111,Crime,7.1,30329.0,Par.,32078318.0,1.0,1.0
67200,Beetlejuice,1988,92,Comedy,7.5,246771.0,WB,73707461.0,1.0,1.0
67219,Bird,1988,161,Biography,7.2,10951.0,WB,2181286.0,1.0,1.0
67378,Dangerous Liaisons,1988,119,Drama,7.6,62160.0,WB,34670720.0,3.0,7.0
67510,A Fish Called Wanda,1988,108,Comedy,7.5,127288.0,MGM,62493712.0,1.0,3.0
67840,The Milagro Beanfield War,1988,117,Comedy,6.8,5791.0,Uni.,13825794.0,1.0,1.0
67847,Mississippi Burning,1988,128,Crime,7.8,83171.0,Orion,34603943.0,1.0,7.0
67920,Cinema Paradiso,1988,155,Drama,8.5,216011.0,Mira.,12397210.0,1.0,1.0
68049,Rain Man,1988,133,Drama,8.0,458212.0,MGM,172825435.0,4.0,8.0
68371,Who Framed Roger Rabbit,1988,104,Adventure,7.7,175517.0,BV,156452370.0,4.0,6.0
68383,Working Girl,1988,113,Comedy,6.8,49718.0,Fox,63779477.0,1.0,6.0
68455,The Abyss,1989,171,Adventure,7.6,157216.0,Fox,54461047.0,1.0,4.0
68554,Batman,1989,126,Action,7.5,326964.0,WB,251188924.0,1.0,1.0
68609,Born on the Fourth of July,1989,145,Biography,7.2,94032.0,Uni.,70001698.0,2.0,8.0
68735,Dead Poets Society,1989,128,Comedy,8.1,399563.0,BV,95860116.0,1.0,4.0
68778,Driving Miss Daisy,1989,99,Drama,7.4,94689.0,WB,106593296.0,4.0,9.0
68917,Glory,1989,122,Biography,7.8,116515.0,TriS,26828365.0,3.0,5.0
68957,Henry V,1989,137,Action,7.5,27392.0,Gold.,10161099.0,1.0,3.0
68958,Henry V,1989,137,Action,7.5,27392.0,Gold.,10161099.0,1.0,4.0
69013,Indiana Jones and the Last Crusade,1989,127,Action,8.2,664932.0,Par.,197171806.0,1.0,3.0
69025,Iris,1987,90,Comedy,6.5,180.0,Mira.,5594617.0,1.0,3.0
69153,The Little Mermaid,1989,83,Animation,7.6,227078.0,BV,111543479.0,2.0,3.0
69279,My Left Foot,1989,103,Biography,7.9,64493.0,Mira.,14743391.0,2.0,5.0
69548,Sing,1989,98,Drama,7.0,674.0,Uni.,270395425.0,1.0,1.0
69549,Sing,1989,98,Drama,7.0,674.0,TriS,2260616.0,1.0,1.0
69866,American Dream,1990,98,Documentary,7.8,698.0,Mira.,269823.0,1.0,1.0
70074,Cyrano de Bergerac,1990,137,Comedy,7.5,21609.0,OrionC,5820020.0,1.0,5.0
70075,Cyrano de Bergerac,1990,137,Comedy,7.5,21609.0,OrionC,5820020.0,1.0,1.0
70088,Dances with Wolves,1990,181,Adventure,8.0,230962.0,Orion,184208848.0,7.0,12.0
70135,Dick Tracy,1990,105,Action,6.1,55476.0,BV,103738726.0,3.0,7.0
70306,Ghost,1990,127,Drama,7.0,188622.0,Par.,217631306.0,2.0,5.0
70325,Goodfellas,1990,146,Biography,8.7,968959.0,WB,46836214.0,1.0,6.0
70410,The Hunt for Red October,1990,135,Action,7.6,171534.0,Par.,122012643.0,1.0,3.0
70636,Misery,1990,107,Drama,7.8,174708.0,Col.,61276872.0,1.0,1.0
70862,Reversal of Fortune,1990,111,Biography,7.2,13953.0,WB,15445131.0,1.0,3.0
71073,Total Recall,1990,113,Action,7.5,289586.0,Sony,119412921.0,1.0,2.0
71356,Beauty and the Beast,1991,84,Animation,8.0,405506.0,BV,218967620.0,2.0,6.0
71427,Bugsy,1991,136,Biography,6.8,24932.0,TriS,49114016.0,2.0,10.0
71474,City Slickers,1991,113,Comedy,6.7,46128.0,Col.,124033791.0,1.0,1.0
71676,The Fisher King,1991,137,Comedy,7.5,76330.0,TriS,41895491.0,1.0,5.0
71729,Grand Canyon,1991,134,Crime,6.9,14356.0,Fox,33243020.0,1.0,1.0
71843,JFK,1991,189,Drama,8.0,135939.0,WB,70405498.0,2.0,8.0
71861,Joker,1991,108,Comedy,4.6,688.0,UTV,169181.0,2.0,11.0
72035,Mediterraneo,1991,96,Comedy,7.5,13201.0,Mira.,4532791.0,1.0,1.0
72204,The Pianist,1991,112,Romance,4.7,119.0,Focus,32572577.0,3.0,7.0
72389,The Silence of the Lambs,1991,118,Crime,8.6,1206678.0,Orion,130742922.0,5.0,7.0
72480,Terminator 2: Judgment Day,1991,137,Action,8.5,958766.0,TriS,205881154.0,4.0,6.0
72575,Van Gogh,1991,158,Biography,7.2,2566.0,SPC,193205.0,1.0,1.0
72728,Aladdin,1992,90,Adventure,8.0,354249.0,BV,217350219.0,2.0,5.0
72900,Bram Stoker's Dracula,1992,128,Horror,7.4,183596.0,Col.,82522790.0,3.0,4.0
73013,The Crying Game,1992,112,Crime,7.2,49249.0,Mira.,62548947.0,1.0,6.0
73033,Death Becomes Her,1992,104,Comedy,6.6,98465.0,Uni.,58422650.0,1.0,1.0
73217,Gladiator,1992,101,Action,6.5,7884.0,DW,187705427.0,5.0,12.0
73287,Howards End,1992,142,Drama,7.4,27365.0,SPC,26126837.0,3.0,9.0
73324,Indochine,1992,159,Drama,7.1,8921.0,SPC,5603158.0,1.0,2.0
73458,The Last of the Mohicans,1992,112,Action,7.7,142640.0,Fox,75505856.0,1.0,1.0
73634,My Cousin Vinny,1992,120,Comedy,7.6,101489.0,Fox,52929168.0,1.0,1.0
73730,The Panama Deception,1992,91,Documentary,7.6,978.0,EPr,309596.0,1.0,1.0
73857,A River Runs Through It,1992,123,Drama,7.2,51357.0,Col.,43440294.0,1.0,3.0
73898,Scent of a Woman,1992,156,Drama,8.0,246167.0,Uni.,63095253.0,1.0,4.0
74141,Unforgiven,1992,130,Drama,8.2,359243.0,WB,101157447.0,4.0,9.0
74260,The Sting,1992,93,Comedy,4.8,73.0,Uni.,156000000.0,7.0,10.0
74359,The Age of Innocence,1993,139,Drama,7.2,47932.0,Col.,32255440.0,1.0,5.0
74508,Born Yesterday,1993,100,Comedy,5.2,3626.0,BV,17952857.0,1.0,5.0
74828,The Fugitive,1993,130,Action,7.8,256496.0,WB,183875760.0,1.0,7.0
75043,Jurassic Park,1993,127,Action,8.1,825201.0,Uni.,402453882.0,3.0,3.0
75254,Morning Glory,1993,96,Drama,6.6,380.0,Par.,31011732.0,1.0,1.0
75261,Mrs. Doubtfire,1993,125,Comedy,7.0,234587.0,Fox,219195243.0,1.0,1.0
75402,Philadelphia,1993,125,Drama,7.7,215474.0,TriS,77446440.0,2.0,5.0
75406,The Piano,1993,121,Drama,7.6,76081.0,Mira.,40157856.0,3.0,8.0
75556,Schindler's List,1993,195,Biography,8.9,1159199.0,Uni.,96065768.0,7.0,12.0
75702,Tango,1993,88,Comedy,6.1,1169.0,SPC,1897948.0,1.0,1.0
75999,"The Adventures of Priscilla, Queen of the Desert",1994,104,Comedy,7.4,44850.0,Gram.,11220670.0,1.0,1.0
76160,Blue Sky,1994,101,Drama,6.4,6560.0,Orion,3359465.0,1.0,1.0
76176,Brave,1994,58,Drama,6.8,229.0,BV,237283207.0,1.0,1.0
76430,Ed Wood,1994,127,Biography,7.8,161341.0,BV,5887457.0,2.0,2.0
76515,Forrest Gump,1994,142,Drama,8.8,1717376.0,Par.,330252182.0,6.0,13.0
76746,The Jungle Book,1994,111,Adventure,6.0,15846.0,Dis.,141843612.0,1.0,1.0
76819,Legends of the Fall,1994,133,Drama,7.6,141148.0,Sony,66638883.0,1.0,3.0
76839,The Lion King,1994,88,Adventure,8.5,899096.0,BV,422783777.0,2.0,4.0
76891,The Madness of King George,1994,110,Biography,7.2,14779.0,Gold.,15238689.0,1.0,4.0
76927,Maya Lin: A Strong Clear Vision,1994,105,Biography,7.4,405.0,OcR,62186.0,1.0,1.0
77183,Pulp Fiction,1994,154,Crime,8.9,1746252.0,Mira.,107928762.0,1.0,7.0
77416,Speed,1994,116,Action,7.2,316654.0,Fox,121248145.0,2.0,3.0
77844,Anne Frank Remembered,1995,117,Biography,8.0,982.0,SPC,1310200.0,1.0,1.0
77852,Apollo 13,1995,140,Adventure,7.6,257216.0,Uni.,173837933.0,2.0,9.0
77879,Babe,1995,91,Comedy,6.7,113202.0,Uni.,63658910.0,1.0,7.0
77966,Braveheart,1995,178,Biography,8.3,928525.0,Par.,75609945.0,5.0,10.0
78115,Dead Man Walking,1995,122,Crime,7.5,85775.0,Gram.,39363635.0,1.0,4.0
78593,Leaving Las Vegas,1995,111,Drama,7.5,110680.0,MGM,32029928.0,1.0,4.0
78718,Mighty Aphrodite,1995,95,Comedy,7.0,36873.0,Mira.,6468498.0,1.0,2.0
78908,Pocahontas,1995,81,Adventure,6.7,162373.0,BV,141579773.0,2.0,2.0
78981,Restoration,1995,117,Biography,6.6,8668.0,Mira.,4005941.0,2.0,2.0
79011,Sabrina,1995,127,Comedy,6.3,35174.0,Par.,53672080.0,1.0,6.0
79048,Sense and Sensibility,1995,136,Drama,7.6,97413.0,Sony,43182776.0,1.0,7.0
79220,Toy Story,1995,81,Adventure,8.3,847999.0,BV,191796233.0,1.0,3.0
79268,The Usual Suspects,1995,106,Crime,8.5,951087.0,Gram.,23341568.0,2.0,2.0
79753,Crash,1996,100,Drama,6.4,49547.0,Lions,54580300.0,3.0,6.0
79886,Emma,1996,120,Comedy,6.6,34580.0,Mira.,22231658.0,1.0,2.0
79898,The English Patient,1996,162,Drama,7.4,172749.0,Mira.,78676425.0,9.0,12.0
79920,Evita,1996,135,Biography,6.3,33068.0,BV,50047179.0,1.0,5.0
79940,Fargo,1996,98,Crime,8.1,589613.0,Gram.,24611975.0,2.0,7.0
80022,The Ghost and the Darkness,1996,110,Adventure,6.8,54566.0,Par.,38619405.0,1.0,1.0
80146,Independence Day,1996,145,Action,7.0,512681.0,Fox,306169268.0,1.0,2.0
80185,Jerry Maguire,1996,139,Comedy,7.3,232496.0,Sony,153952592.0,1.0,5.0
80257,Kolya,1996,105,Comedy,7.8,14072.0,Mira.,5770254.0,1.0,1.0
80274,Somebody Up There Likes Me,1996,108,Action,6.1,139.0,Trib.,89435.0,2.0,3.0
80412,A Midsummer Night's Dream,1996,105,Comedy,6.2,334.0,FoxS,16071990.0,2.0,11.0
80750,Shine,1996,105,Biography,7.7,49905.0,FL,35892330.0,1.0,7.0
80773,Sling Blade,1996,135,Drama,8.0,84669.0,Mira.,24444121.0,1.0,2.0
80837,The Substitute,1996,114,Action,6.0,11679.0,Orion,14818176.0,1.0,1.0
80873,Tango,1996,58,NaN,5.5,14.0,SPC,1897948.0,1.0,1.0
81037,When We Were Kings,1996,88,Documentary,8.0,14448.0,Gram.,2789985.0,1.0,1.0
81124,Affliction,1997,114,Drama,7.0,14466.0,Lions,6330054.0,1.0,2.0
81160,Amy,1997,104,Drama,6.7,733.0,A24,8413144.0,1.0,1.0
81163,Anastasia,1997,94,Adventure,7.1,107478.0,Fox,58406347.0,1.0,2.0
81167,Anna Karenina,1997,108,Drama,6.4,5351.0,Focus,12816367.0,1.0,4.0
81199,Babel,1999,95,Adventure,3.7,173.0,ParV,34302837.0,1.0,7.0
81430,Doctor Dolittle,1998,85,Comedy,5.4,89134.0,Fox,144156605.0,2.0,9.0
81536,The Full Monty,1997,91,Comedy,7.2,95882.0,FoxS,45950122.0,1.0,4.0
81564,Good Will Hunting,1997,126,Drama,8.3,817988.0,Mira.,138433435.0,2.0,9.0
81569,Great Expectations,1998,111,Drama,6.9,49871.0,Fox,26420672.0,2.0,5.0
81602,The River,1997,115,Drama,7.2,2495.0,Uni.,11489982.0,1.0,4.0
81748,L.A. Confidential,1997,138,Crime,8.2,513270.0,WB,64616940.0,2.0,9.0
81798,The Long Way Home,1997,120,Documentary,7.5,637.0,7Art,60509.0,1.0,1.0
81858,Men in Black,1997,98,Action,7.3,499331.0,Sony,250690539.0,1.0,3.0
81971,As Good as It Gets,1997,139,Comedy,7.7,265421.0,Sony,148478011.0,2.0,7.0
82268,Tango,1998,115,Drama,7.1,2724.0,SPC,1897948.0,1.0,1.0
82298,Titanic,1997,194,Drama,7.8,1005093.0,Par.,659363944.0,11.0,14.0
82299,Titanic,1997,194,Drama,7.8,1005093.0,Par.,659363944.0,1.0,2.0
82350,Underworld,1996,95,Comedy,4.8,664.0,SGem,51970690.0,1.0,1.0
82517,Frida,2002,123,Biography,7.4,77902.0,Mira.,25885000.0,2.0,6.0
82522,Gods and Monsters,1998,105,Biography,7.4,28369.0,Lions,6451628.0,1.0,3.0
82561,The Lord of the Rings: The Fellowship of the Ring,2001,178,Action,8.8,1589815.0,NL,315544750.0,4.0,13.0
82573,Mighty Joe Young,1998,114,Action,5.6,26799.0,BV,50632037.0,1.0,1.0
82602,The Patriot,1998,90,Action,4.2,11454.0,Sony,113330342.0,1.0,5.0
82609,The Prince of Egypt,1998,99,Adventure,7.1,113590.0,DW,101413188.0,1.0,2.0
82620,Saving Private Ryan,1998,169,Drama,8.6,1179068.0,DW,216540909.0,5.0,11.0
82644,Tarzan,1999,88,Adventure,7.3,194056.0,BV,171091819.0,1.0,1.0
82672,What Dreams May Come,1998,113,Drama,7.1,99410.0,Poly,55382927.0,1.0,2.0
83489,Feast,1992,87,Comedy,5.3,67.0,W/Dim.,56131.0,1.0,1.0
84301,The Cider House Rules,1999,126,Drama,7.4,90665.0,Mira.,57545092.0,2.0,7.0
84566,Frozen,1996,99,Drama,6.6,230.0,BV,400738009.0,2.0,2.0
84922,Shrek,2001,90,Adventure,7.8,590786.0,DW,267665011.0,1.0,2.0
88426,The Matrix,1999,136,Action,8.7,1599366.0,WB,171479930.0,4.0,4.0
88472,Planet of the Apes,2001,119,Action,5.7,205958.0,Fox,32589624.0,1.0,2.0
89491,Underworld,1937,95,Crime,5.5,21.0,SGem,51970690.0,1.0,1.0
89555,Casablanca,1961,NaN,Documentary,5.2,15.0,WB,4108411.0,3.0,8.0
89867,The Abyss,1977,80,Drama,6.5,56.0,Fox,54461047.0,1.0,4.0
90351,Shakespeare in Love,1998,123,Comedy,7.1,208430.0,Mira.,100317794.0,7.0,13.0
90902,Iris,1968,95,Drama,7.5,17.0,Mira.,5594617.0,1.0,3.0
91043,Training Day,2001,122,Crime,7.7,373373.0,WB,76631907.0,1.0,2.0
91345,A Midsummer Night's Dream,1999,116,Comedy,6.4,23850.0,FoxS,16071990.0,2.0,11.0
91999,U-571,2000,116,Action,6.6,74548.0,Uni.,77122415.0,1.0,2.0
93614,Milk,1997,NaN,NaN,4.5,13.0,Focus,31841299.0,2.0,8.0
94672,Topsy-Turvy,1999,160,Biography,7.3,11374.0,USA,6208548.0,2.0,4.0
95242,Avatar,1941,NaN,Drama,6.3,17.0,Fox,760507625.0,3.0,9.0
95378,Boys and Girls,1967,100,Comedy,5.4,7.0,Dim.,21799652.0,1.0,1.0
95917,The Thomas Crown Affair,1999,113,Crime,6.8,84161.0,MGM,69305181.0,1.0,2.0
95919,Titanic,1915,NaN,History,6.8,165.0,Par.,659363944.0,11.0,14.0
95920,Titanic,1915,NaN,History,6.8,165.0,Par.,659363944.0,1.0,2.0
97647,La Cucaracha,1998,95,Comedy,6.0,327.0,Wht.,14692.0,1.0,1.0
98435,Cold Mountain,2003,154,Adventure,7.2,136208.0,Mira.,95636509.0,1.0,7.0
98733,Cyrano de Bergerac,1923,113,Drama,6.8,273.0,OrionC,5820020.0,1.0,5.0
98734,Cyrano de Bergerac,1923,113,Drama,6.8,273.0,OrionC,5820020.0,1.0,1.0
98836,Milk,1999,94,Comedy,5.6,157.0,Focus,31841299.0,2.0,8.0
98965,The Little Mermaid,1976,81,Family,7.0,469.0,BV,111543479.0,2.0,3.0
99005,Love Story,1942,95,Drama,6.4,19.0,Par.,106397186.0,1.0,7.0
99598,Shaft,2000,99,Action,5.9,71639.0,Par.,70334258.0,1.0,2.0
99607,Sleepy Hollow,1999,105,Fantasy,7.3,317912.0,Par.,101071502.0,1.0,3.0
101151,Anna Karenina,1975,76,Drama,7.0,58.0,Focus,12816367.0,1.0,4.0
101670,The Lord of the Rings: The Return of the King,2003,201,Adventure,8.9,1577010.0,NL,377845905.0,11.0,11.0
101671,The Lord of the Rings: The Two Towers,2002,179,Adventure,8.7,1424362.0,NL,342551365.0,2.0,6.0
102464,American Beauty,1999,122,Drama,8.3,1033120.0,DW,130096601.0,5.0,8.0
102672,How the Grinch Stole Christmas,2000,104,Comedy,6.2,195622.0,Uni.,260044825.0,1.0,3.0
103474,Boys Don't Cry,1999,118,Biography,7.5,89820.0,FoxS,11540607.0,1.0,2.0
103749,"Girl, Interrupted",1999,127,Biography,7.3,156812.0,Sony,28912646.0,1.0,1.0
103750,Gladiator,2000,155,Action,8.5,1282406.0,DW,187705427.0,5.0,12.0
103994,Rango,1931,66,Adventure,5.5,15.0,Par.,123477607.0,1.0,1.0
104217,Crash,1987,NaN,NaN,7.9,9.0,Lions,54580300.0,3.0,6.0
104707,The Last Days,1998,87,Documentary,7.6,1798.0,Oct.,421432.0,1.0,1.0
104708,The Hurricane,1999,146,Biography,7.6,88915.0,Uni.,50699241.0,1.0,3.0
105885,Spartacus,1977,95,Musical,5.6,54.0,Uni.,1830650.0,4.0,6.0
107148,The River,1960,110,Adventure,7.3,85.0,Uni.,11489982.0,1.0,4.0
107377,Funny Girl,1970,102,Comedy,3.9,267.0,Col.,52223306.0,1.0,8.0
107937,Traffic,2000,147,Crime,7.6,190852.0,USA,124115725.0,4.0,5.0
107946,Almost Famous,2000,122,Adventure,7.9,243062.0,DW,32534850.0,1.0,4.0
108021,Cyrano de Bergerac,1946,100,Drama,6.0,21.0,OrionC,5820020.0,1.0,5.0
108022,Cyrano de Bergerac,1946,100,Drama,6.0,21.0,OrionC,5820020.0,1.0,1.0
108075,Misery,1975,117,Drama,7.3,31.0,Col.,61276872.0,1.0,1.0
108808,Pollock,2000,122,Biography,7.0,26239.0,SPC,8598593.0,1.0,2.0
109539,Wonder Boys,2000,107,Comedy,7.3,59922.0,Par.,19393557.0,1.0,3.0
110748,The Patriot,2000,165,Action,7.2,246268.0,Sony,113330342.0,1.0,5.0
112201,"Crouching Tiger, Hidden Dragon",2000,120,Action,7.8,246783.0,SPC,128078872.0,4.0,10.0
113555,The Accountant,1999,50,Action,7.3,54.0,WB,86260045.0,1.0,1.0
114342,Pinocchio,1911,50,Fantasy,5.8,86.0,Dis.,84254167.0,2.0,2.0
114343,Pinocchio,1911,50,Fantasy,5.8,86.0,Mira.,3684305.0,2.0,2.0
115081,Erin Brockovich,2000,131,Biography,7.3,167138.0,Uni.,125595205.0,1.0,5.0
116459,"Monsters, Inc.",2001,92,Adventure,8.0,781464.0,BV,289916256.0,1.0,4.0
117368,The Salesman,2001,NaN,NaN,5.6,9.0,Cohen,2402067.0,1.0,1.0
117455,Inside Out,1998,93,Comedy,7.5,44.0,BV,356461711.0,1.0,2.0
118778,Moulin Rouge!,2001,127,Drama,7.6,259725.0,Fox,57386607.0,2.0,8.0
119318,Boys and Girls,2000,94,Comedy,5.4,15615.0,Dim.,21799652.0,1.0,1.0
121411,Almost Famous,1996,NaN,NaN,7.2,92.0,DW,32534850.0,1.0,4.0
122006,Anna Karenina,1911,NaN,NaN,5.1,18.0,Focus,12816367.0,1.0,4.0
122008,Anna Karenina,1920,NaN,NaN,6.2,6.0,Focus,12816367.0,1.0,4.0
122010,Anna Karenina,1953,165,Drama,5.1,19.0,Focus,12816367.0,1.0,4.0
122013,Anna Karenina,1971,NaN,NaN,4.3,6.0,Focus,12816367.0,1.0,4.0
122954,The Woman in Red,1997,82,Drama,6.9,24.0,Orion,25308147.0,1.0,1.0
123054,Pearl Harbor,2001,183,Action,6.2,303048.0,BV,198542554.0,1.0,4.0
124102,Rocky,1981,151,Action,6.9,561.0,UA,117235147.0,3.0,10.0
126236,The Mission,1999,84,Action,7.5,4729.0,WB,17218023.0,1.0,7.0
129457,One Day in September,1999,94,Documentary,7.8,5516.0,SPC,156818.0,1.0,1.0
129622,Superman,1960,NaN,Action,4.4,16.0,WB,134218018.0,1.0,3.0
130752,Atonement,1971,51,Documentary,6.2,5.0,Focus,50927067.0,1.0,7.0
131113,Love Story,1981,161,Drama,6.4,353.0,Par.,106397186.0,1.0,7.0
132874,Boys Don't Cry,2000,90,Comedy,7.6,5205.0,FoxS,11540607.0,1.0,2.0
133369,Juno,1998,NaN,NaN,5.9,68.0,FoxS,143495265.0,1.0,4.0
134854,King Kong,1962,142,Action,6.3,39.0,Uni.,218080025.0,3.0,4.0
134855,King Kong,1962,142,Action,6.3,39.0,Uni.,218080025.0,1.0,2.0
136029,Lawrence of Arabia,1935,NaN,NaN,7.1,47.0,Col.,44824144.0,7.0,10.0
136057,Moonlight,2002,91,Thriller,6.1,637.0,Indic.,51570.0,3.0,8.0
136119,Spirited Away,2001,125,Adventure,8.6,605300.0,BV,11252650.0,1.0,1.0
137531,The River,2001,104,Drama,6.8,797.0,Uni.,11489982.0,1.0,4.0
138192,The Queen,2000,98,Documentary,6.9,31.0,Mira.,56441711.0,1.0,6.0
138587,No Man's Land,1964,72,Drama,6.7,6.0,MGM,1012153.0,1.0,1.0
138800,Joker,1993,NaN,Comedy,7.1,57.0,UTV,169181.0,2.0,11.0
139612,The Pianist,2002,150,Biography,8.5,690309.0,Focus,32572577.0,3.0,7.0
140644,Pinocchio,2002,108,Comedy,4.4,7506.0,Dis.,84254167.0,2.0,2.0
140645,Pinocchio,2002,108,Comedy,4.4,7506.0,Mira.,3684305.0,2.0,2.0
141381,Road to Perdition,2002,117,Crime,7.7,238204.0,DW,104454762.0,1.0,6.0
145530,Moonlight,2000,NaN,NaN,4.0,6.0,Indic.,51570.0,3.0,8.0
145571,Black Hawk Down,2001,144,Drama,7.7,353022.0,SonR,108638745.0,2.0,4.0
146146,Finding Nemo,2003,100,Adventure,8.1,912710.0,BV,380843261.0,1.0,4.0
146986,The Time Machine,2002,96,Action,6.0,116003.0,DW,56832494.0,1.0,1.0
147078,A Beautiful Mind,2001,135,Biography,8.2,812297.0,Uni.,170742341.0,4.0,8.0
147193,The River,1959,151,Drama,7.3,27.0,Uni.,11489982.0,1.0,4.0
147239,Iris,2000,73,Drama,7.4,72.0,Mira.,5594617.0,1.0,3.0
147865,Champion,2000,140,Action,4.2,462.0,AAE,175232.0,1.0,6.0
148056,Black Swan,2002,90,Comedy,4.2,97.0,FoxS,106954678.0,1.0,5.0
148411,No Man's Land,2000,90,Drama,7.2,41.0,MGM,1012153.0,1.0,1.0
148961,The River,1977,87,Adventure,5.8,182.0,Uni.,11489982.0,1.0,4.0
149200,The Hours,2002,110,Drama,7.5,120706.0,Par.,41675994.0,1.0,9.0
150700,Avatar,1916,NaN,Drama,6.9,19.0,Fox,760507625.0,3.0,9.0
151699,Gosford Park,2001,131,Comedy,7.2,77198.0,USA,41308615.0,1.0,7.0
151736,Iris,2001,91,Biography,7.0,16800.0,Mira.,5594617.0,1.0,3.0
152839,No Man's Land,2001,98,Comedy,7.9,43352.0,MGM,1012153.0,1.0,1.0
153570,Monster's Ball,2001,111,Drama,7.0,80501.0,Lions,31273922.0,1.0,2.0
154181,Pinocchio,1971,96,Animation,6.8,135.0,Dis.,84254167.0,2.0,2.0
154182,Pinocchio,1971,96,Animation,6.8,135.0,Mira.,3684305.0,2.0,2.0
156369,Affliction,1996,45,Documentary,6.8,71.0,Lions,6330054.0,1.0,2.0
157449,Unforgiven,1966,87,Drama,5.2,112.0,WB,101157447.0,4.0,9.0
157723,Superman,1971,NaN,Adventure,4.2,27.0,WB,134218018.0,1.0,3.0
157935,Superman,1987,123,Action,4.3,236.0,WB,134218018.0,1.0,3.0
157978,Argo,2004,106,Action,7.1,3477.0,WB,136025503.0,3.0,7.0
158077,Love Story,1996,111,Romance,7.3,7.0,Par.,106397186.0,1.0,7.0
158140,8 Mile,2002,110,Drama,7.1,240088.0,Uni.,116750901.0,1.0,1.0
158517,Chicago,2002,113,Comedy,7.1,209350.0,Mira.,170687518.0,6.0,13.0
160297,Whiplash,2002,110,Comedy,6.7,18.0,SPC,13092000.0,3.0,5.0
160995,Finding Neverland,2004,106,Biography,7.7,194623.0,Mira.,51680613.0,1.0,7.0
161687,Bowling for Columbine,2002,120,Crime,7.9,137470.0,UA,21576018.0,1.0,1.0
161791,Master and Commander: The Far Side of the World,2003,138,Action,7.4,195368.0,Fox,93927920.0,2.0,10.0
162247,White Nights,1992,92,Drama,6.3,10.0,Col.,42160849.0,1.0,2.0
163960,Spider-Man 2,2004,127,Action,7.3,524105.0,Sony,373585825.0,1.0,3.0
164353,The Incredibles,2004,115,Action,8.0,633110.0,BV,261441092.0,2.0,4.0
164688,The Motorcycle Diaries,2004,126,Adventure,7.8,94096.0,Focus,16781387.0,1.0,2.0
165668,Underworld,2003,121,Action,7.0,246193.0,SGem,51970690.0,1.0,1.0
166240,Hugo,2000,NaN,NaN,6.8,9.0,Par.,73864507.0,5.0,11.0
167108,Champion,2002,117,Drama,6.6,366.0,AAE,175232.0,1.0,6.0
167671,Mystic River,2003,138,Crime,7.9,404552.0,WB,90135191.0,2.0,6.0
167743,Around the World in 80 Days,2004,120,Action,5.9,81790.0,UA,42000000.0,5.0,8.0
167744,Around the World in 80 Days,2004,120,Action,5.9,81790.0,BV,24008137.0,5.0,8.0
168527,Charly,2002,103,Comedy,6.6,868.0,Excel,814666.0,1.0,1.0
170173,Superman,1997,150,Comedy,6.6,290.0,WB,134218018.0,1.0,3.0
170473,Lost in Translation,2003,102,Drama,7.7,393871.0,Focus,44585453.0,1.0,4.0
171117,Eternal Sunshine of the Spotless Mind,2004,108,Drama,8.3,870710.0,Focus,34400301.0,1.0,2.0
171331,The Aviator,2004,170,Biography,7.5,321856.0,Mira.,102610330.0,5.0,11.0
171459,Lemony Snicket's A Series of Unfortunate Events,2004,108,Adventure,6.8,190581.0,Par.,118634549.0,1.0,4.0
171861,Monster,2003,109,Biography,7.3,130331.0,NM,34469210.0,1.0,1.0
174931,Ray,2004,152,Biography,7.7,133503.0,Uni.,75331600.0,2.0,6.0
176154,Witness,1988,NaN,Action,5.7,35.0,Par.,68706993.0,2.0,8.0
176348,Henry V,2003,NaN,Drama,6.5,11.0,Gold.,10161099.0,1.0,3.0
176349,Henry V,2003,NaN,Drama,6.5,11.0,Gold.,10161099.0,1.0,4.0
177474,The Bridge of San Luis Rey,2004,120,Drama,5.1,3268.0,FL,49981.0,1.0,1.0
177563,The Fugitive,1959,NaN,NaN,4.8,13.0,WB,183875760.0,1.0,7.0
178137,Walk the Line,2005,136,Biography,7.8,225838.0,Fox,119519402.0,1.0,5.0
178283,The Box,2003,99,Crime,4.9,434.0,WB,15051977.0,1.0,1.0
178901,King Kong,2005,187,Action,7.2,379519.0,Uni.,218080025.0,3.0,4.0
178902,King Kong,2005,187,Action,7.2,379519.0,Uni.,218080025.0,1.0,2.0
179169,Inglourious Basterds,2009,153,Adventure,8.3,1201443.0,Wein.,120540719.0,1.0,8.0
179424,The Box,2009,115,Drama,5.6,87225.0,WB,15051977.0,1.0,1.0
179716,"The Chronicles of Narnia: The Lion, the Witch and the Wardrobe",2005,143,Adventure,6.9,353737.0,BV,291710957.0,1.0,3.0
180056,Reversal of Fortune,2003,110,Comedy,6.0,171.0,WB,15445131.0,1.0,3.0
180212,Syriana,2005,128,Drama,6.9,123304.0,WB,50824620.0,1.0,2.0
180397,Happy Feet,2006,108,Adventure,6.4,164251.0,WB,198000317.0,1.0,1.0
180531,Pride and Prejudice,2003,104,Comedy,5.1,2378.0,Focus,38405088.0,1.0,1.0
181300,The Sea Inside,2004,126,Biography,8.0,75251.0,FL,2104923.0,1.0,2.0
181931,Gone with the Wind,1954,100,NaN,7.5,30.0,MGM,198676459.0,10.0,13.0
182123,Superman,1980,135,Fantasy,4.6,65.0,WB,134218018.0,1.0,3.0
182455,Limelight,2003,90,Comedy,8.8,8.0,Magn.,60335.0,1.0,7.0
182509,Saving Face,2001,NaN,Comedy,5.2,13.0,SPC,1187266.0,1.0,1.0
183070,Sideways,2004,127,Comedy,7.5,174711.0,FoxS,71503593.0,1.0,5.0
183188,Crash,2004,112,Crime,7.8,410878.0,Lions,54580300.0,3.0,6.0
183500,Frozen,2005,90,Thriller,5.6,559.0,BV,400738009.0,2.0,2.0
184343,Tango,1979,53,Documentary,6.7,7.0,SPC,1897948.0,1.0,1.0
184622,Capote,2005,114,Biography,7.3,121389.0,SPC,28750530.0,1.0,5.0
185674,Ratatouille,2007,111,Adventure,8.0,613111.0,BV,206445654.0,1.0,5.0
185857,Pirates of the Caribbean: Dead Man's Chest,2006,151,Action,7.3,635561.0,BV,423315812.0,1.0,4.0
186059,Saving Face,2004,91,Comedy,7.4,9497.0,SPC,1187266.0,1.0,1.0
186367,The Golden Compass,2007,113,Adventure,6.1,174824.0,NL,70107728.0,1.0,2.0
186571,Inside Out,2005,90,Drama,5.4,397.0,BV,356461711.0,1.0,2.0
186733,The Constant Gardener,2005,129,Drama,7.4,128988.0,Focus,33579797.0,1.0,4.0
187166,Brokeback Mountain,2005,134,Drama,7.7,312021.0,Focus,83043761.0,3.0,8.0
188876,Spartacus,1913,88,Biography,5.7,50.0,Uni.,1830650.0,4.0,6.0
188991,The Producers,2005,134,Comedy,6.3,39639.0,Uni.,19398532.0,1.0,2.0
189005,Being There,1999,50,Documentary,6.7,19.0,MGM,30177511.0,1.0,2.0
189514,Memoirs of a Geisha,2005,145,Drama,7.4,134986.0,Sony,57490508.0,3.0,6.0
190345,Fantasia,2004,103,Comedy,5.2,286.0,Dis.,76408097.0,2.0,0.0
191189,Million Dollar Baby,2004,132,Drama,8.1,612186.0,WB,100492203.0,4.0,7.0
191294,All the King's Men,2006,128,Drama,6.2,23124.0,Sony,7221458.0,3.0,7.0
191556,Joker,2000,NaN,Comedy,6.4,177.0,UTV,169181.0,2.0,11.0
191762,The Departed,2006,151,Crime,8.5,1136372.0,WB,132384315.0,4.0,5.0
191841,Sweeney Todd: The Demon Barber of Fleet Street,2007,116,Drama,7.3,333249.0,P/DW,52898073.0,1.0,3.0
192100,White Nights,2005,91,Drama,7.6,16.0,Col.,42160849.0,1.0,2.0
192637,Gravity,2004,83,Drama,6.0,21.0,WB,274092705.0,7.0,10.0
192854,Elizabeth: The Golden Age,2007,114,Biography,6.8,64678.0,Uni.,16383509.0,1.0,2.0
193497,Room,2005,75,Drama,4.4,414.0,A24,14677654.0,1.0,4.0
193498,Room,2005,75,Drama,4.4,414.0,7F,5228.0,1.0,4.0
194663,The Curious Case of Benjamin Button,2008,166,Drama,7.8,564491.0,Par.,127509326.0,3.0,13.0
194804,Iris,2004,99,Drama,6.2,69.0,Mira.,5594617.0,1.0,3.0
194854,Marie Antoinette,2006,123,Biography,6.4,96782.0,Sony,15962471.0,1.0,1.0
194962,White Nights,2003,103,Drama,7.7,885.0,Col.,42160849.0,1.0,2.0
195741,Feast,2005,95,Action,6.3,28963.0,W/Dim.,56131.0,1.0,1.0
197742,Toy Story 3,2010,103,Adventure,8.3,726942.0,BV,415004880.0,2.0,5.0
197946,The Queen,2006,103,Biography,7.3,100883.0,Mira.,56441711.0,1.0,6.0
198889,The Bourne Ultimatum,2007,115,Action,8.0,592214.0,Uni.,227471070.0,3.0,3.0
199433,Lincoln,2012,150,Biography,7.3,236979.0,BV,182207973.0,2.0,12.0
199472,Dreamgirls,2006,130,Drama,6.5,66566.0,P/DW,103365956.0,2.0,8.0
200655,Little Miss Sunshine,2006,101,Comedy,7.8,425089.0,FoxS,59891098.0,2.0,4.0
200708,Babel,2006,143,Drama,7.4,281677.0,ParV,34302837.0,1.0,7.0
200710,Champion,2005,82,Documentary,7.1,398.0,AAE,175232.0,1.0,6.0
201820,Life of Pi,2012,127,Adventure,7.9,560422.0,Fox,124987023.0,4.0,11.0
202006,The Last King of Scotland,2006,123,Biography,7.7,170698.0,FoxS,17606684.0,1.0,1.0
204043,Michael Clayton,2007,119,Crime,7.2,152198.0,WB,49033882.0,1.0,7.0
204325,The Omen,2006,110,Horror,5.5,55036.0,Fox,60922980.0,1.0,2.0
204404,Juno,2007,96,Comedy,7.4,478692.0,FoxS,143495265.0,1.0,4.0
204602,Tsotsi,2005,94,Crime,7.2,27264.0,Mira.,2912606.0,1.0,1.0
204603,The Dark Knight,2008,152,Action,9.0,2200093.0,WB,534858444.0,2.0,8.0
204755,There Will Be Blood,2007,158,Drama,8.2,490837.0,ParV,40222514.0,2.0,8.0
205076,Ex Machina,2014,108,Drama,7.7,451009.0,A24,25442958.0,1.0,2.0
206059,Darkest Hour,2005,96,Horror,4.1,76.0,Focus,56468410.0,2.0,6.0
206363,The Brave One,2007,122,Action,6.7,57093.0,WB,36793804.0,1.0,3.0
206435,No Country for Old Men,2007,122,Crime,8.1,811174.0,Mira.,74283625.0,4.0,8.0
206654,The Last Days,2005,NaN,Action,6.9,28.0,Oct.,421432.0,1.0,1.0
206718,The Substitute,2007,93,Comedy,5.8,3061.0,Orion,14818176.0,1.0,1.0
209624,Charly,2007,95,Drama,5.7,114.0,Excel,814666.0,1.0,1.0
210198,An Inconvenient Truth,2006,96,Documentary,7.4,79099.0,ParC,24146161.0,2.0,2.0
210293,Vicky Cristina Barcelona,2008,96,Comedy,7.1,235631.0,MGM/W,23216709.0,1.0,1.0
210452,Letters from Iwo Jima,2006,141,Action,7.9,150276.0,WB,13756082.0,1.0,4.0
210681,Avatar,2009,162,Action,7.8,1087737.0,Fox,760507625.0,3.0,9.0
212151,The Wolfman,2010,103,Drama,5.8,100644.0,Uni.,61979680.0,1.0,1.0
212309,Atonement,2007,123,Drama,7.8,238714.0,Focus,50927067.0,1.0,7.0
212717,Dallas Buyers Club,2013,117,Biography,8.0,422061.0,Focus,27298285.0,3.0,6.0
213169,Star Trek,2009,127,Action,7.9,567405.0,Par.,257730019.0,1.0,4.0
213370,Inside Out,2006,52,Documentary,5.9,7.0,BV,356461711.0,1.0,2.0
214017,The Danish Girl,2015,119,Biography,7.1,156231.0,Focus,11114018.0,1.0,4.0
214226,Love Story,2006,110,Documentary,7.1,59.0,Par.,106397186.0,1.0,7.0
214241,Rocky,2006,125,Action,4.0,301.0,UA,117235147.0,3.0,10.0
214417,Speed,2007,102,Action,2.9,494.0,Fox,121248145.0,2.0,3.0
214428,Interstellar,2014,169,Adventure,8.6,1403089.0,Par.,188020017.0,1.0,5.0
216549,Taxi to the Dark Side,2007,106,Crime,7.4,14445.0,Think,274661.0,1.0,1.0
216551,American Dream,2008,90,Drama,5.5,48.0,Mira.,269823.0,1.0,1.0
216936,The Duchess,2008,110,Biography,6.9,75701.0,ParV,13848978.0,1.0,2.0
217497,The Blind Side,2009,129,Biography,7.6,280170.0,WB,255959475.0,1.0,2.0
217671,Love Story,2006,96,Romance,5.6,30.0,Par.,106397186.0,1.0,7.0
217843,The Shape of Water,2006,70,Documentary,7.5,30.0,FoxS,63859435.0,4.0,13.0
217852,The Hurt Locker,2008,131,Drama,7.6,408095.0,Sum.,17017811.0,6.0,9.0
218179,Missing,2008,118,Drama,4.8,450.0,Uni.,14000000.0,1.0,4.0
218754,Once,2007,86,Drama,7.8,107837.0,FoxS,9439923.0,1.0,1.0
218806,Dead Man Walking,2006,85,Documentary,8.2,24.0,Gram.,39363635.0,1.0,4.0
219563,The Box,2007,87,Crime,4.6,439.0,WB,15051977.0,1.0,1.0
220320,Black Swan,2010,108,Drama,8.0,676232.0,FoxS,106954678.0,1.0,5.0
220343,The Accountant,2000,106,Drama,7.9,8.0,WB,86260045.0,1.0,1.0
220788,The Ten Commandments,2007,88,Animation,2.9,2221.0,Par.,65500000.0,1.0,7.0
221082,The Young Victoria,2009,105,Biography,7.3,55953.0,App.,11001272.0,1.0,3.0
221182,The Fighter,2010,116,Biography,7.8,328896.0,Par.,93617009.0,2.0,7.0
221404,Hugo,2011,126,Drama,7.5,295117.0,Par.,73864507.0,5.0,11.0
221641,The Reader,2008,124,Drama,7.6,224565.0,Wein.,34194407.0,1.0,5.0
224052,The Iron Lady,2011,105,Biography,6.4,99669.0,Wein.,30017992.0,2.0,2.0
224811,Slumdog Millionaire,2008,120,Drama,8.0,774951.0,FoxS,141319928.0,8.0,10.0
224994,Cocoon,2020,95,Drama,7.1,87.0,Fox,76113124.0,2.0,2.0
225749,Milk,2008,128,Biography,7.5,160503.0,Focus,31841299.0,2.0,8.0
227401,Selma,2014,128,Biography,7.5,80911.0,Par.,52076908.0,1.0,2.0
227709,My Fair Lady,2019,NaN,Musical,6.8,41.0,WB,72000000.0,8.0,12.0
228471,Ghost,2020,88,Drama,5.6,164.0,Par.,217631306.0,2.0,5.0
228522,Argo,2012,120,Biography,7.7,555687.0,WB,136025503.0,3.0,7.0
230587,The Descendants,2011,115,Comedy,7.3,227966.0,FoxS,82584160.0,1.0,5.0
230647,Midnight in Paris,2019,75,Comedy,7.4,5.0,SPC,56817045.0,1.0,4.0
231752,A Midsummer Night's Dream,2019,180,Comedy,8.6,88.0,FoxS,16071990.0,2.0,11.0
233837,Silver Linings Playbook,2012,122,Comedy,7.7,642378.0,Wein.,132092958.0,1.0,8.0
234945,Up,2009,96,Adventure,8.2,894506.0,BV,293004164.0,2.0,5.0
234946,Up,2009,96,Adventure,8.2,894506.0,BV,293004164.0,1.0,1.0
236483,The Fugitive,2019,98,Drama,3.6,51.0,WB,183875760.0,1.0,7.0
238724,Boyhood,2014,165,Drama,7.9,326342.0,IFC,25352281.0,1.0,6.0
239763,Departures,2008,130,Drama,8.1,46768.0,Reg.,1498210.0,1.0,1.0
240218,Frozen,2007,109,Drama,7.1,188.0,BV,400738009.0,2.0,2.0
240868,Skyfall,2012,143,Action,7.7,613165.0,Sony,304360277.0,2.0,5.0
248458,Somebody Up There Likes Me,2019,82,Biography,7.6,11.0,Trib.,89435.0,2.0,3.0
250896,Fantasia,2019,95,Drama,5.5,39.0,Dis.,76408097.0,2.0,0.0
253306,Morning Glory,2010,107,Comedy,6.5,70327.0,Par.,31011732.0,1.0,1.0
254686,The Girl with the Dragon Tattoo,2009,152,Crime,7.8,203835.0,MBox,10095170.0,1.0,5.0
258605,Brave,2007,92,Action,4.1,323.0,BV,237283207.0,1.0,1.0
259774,Man on Wire,2008,94,Biography,7.7,51119.0,Magn.,2962242.0,1.0,1.0
266687,Brave,2010,169,Action,4.6,6940.0,BV,237283207.0,1.0,1.0
268317,Rango,2011,107,Adventure,7.2,226646.0,Par.,123477607.0,1.0,1.0
270692,The Muppets,2011,120,Adventure,7.1,85064.0,BV,88631237.0,1.0,1.0
270704,Missing,2019,85,Drama,5.0,8.0,Uni.,14000000.0,1.0,4.0
273392,Brave,2012,93,Adventure,7.1,358012.0,BV,237283207.0,1.0,1.0
274519,Aladdin,2009,132,Action,4.6,2624.0,BV,217350219.0,2.0,5.0
275116,Sideways,2009,124,Drama,5.9,159.0,FoxS,71503593.0,1.0,5.0
275790,The Artist,2008,100,Comedy,7.0,368.0,Wein.,44671682.0,5.0,10.0
276382,Henry V,2007,154,Drama,4.7,19.0,Gold.,10161099.0,1.0,3.0
276383,Henry V,2007,154,Drama,4.7,19.0,Gold.,10161099.0,1.0,4.0
276422,Coco,2009,95,Comedy,3.3,1381.0,BV,209726015.0,2.0,2.0
276465,Crazy Heart,2009,112,Drama,7.2,81944.0,FoxS,39464306.0,2.0,3.0
277476,Milk,2008,102,Drama,6.6,2808.0,Focus,31841299.0,2.0,8.0
277504,The Social Network,2010,120,Biography,7.7,596072.0,Sony,96962694.0,3.0,8.0
278557,The Secret in Their Eyes,2009,129,Drama,8.2,183082.0,SPC,6391436.0,1.0,1.0
278949,The Cove,2009,92,Biography,8.4,46371.0,RAtt.,857005.0,1.0,1.0
279626,Frozen,2010,93,Adventure,6.1,65228.0,BV,400738009.0,2.0,2.0
279975,Saving Face,2008,82,Documentary,5.6,16.0,SPC,1187266.0,1.0,1.0
280113,Cyrano de Bergerac,2008,140,Drama,7.0,19.0,OrionC,5820020.0,1.0,5.0
280114,Cyrano de Bergerac,2008,140,Drama,7.0,19.0,OrionC,5820020.0,1.0,1.0
280505,Affliction,2008,95,Drama,7.0,97.0,Lions,6330054.0,1.0,2.0
280624,Arthur,2011,110,Comedy,5.7,49949.0,WB,95461682.0,2.0,4.0
280675,The Revenant,2009,117,Comedy,6.3,10444.0,Fox,183637894.0,3.0,12.0
281338,In a Better World,2010,118,Drama,7.6,37510.0,SPC,1008098.0,1.0,1.0
281738,The Great Gatsby,2013,143,Drama,7.2,457183.0,Par.,20563273.0,2.0,2.0
281739,The Great Gatsby,2013,143,Drama,7.2,457183.0,Par.,20563273.0,2.0,2.0
282054,The Box,2003,68,Drama,6.6,35.0,WB,15051977.0,1.0,1.0
282598,A Midsummer Night's Dream,2009,105,Drama,5.5,19.0,FoxS,16071990.0,2.0,11.0
282786,Giant,2009,84,Drama,6.8,2001.0,WB,177909.0,1.0,10.0
283576,Inception,2010,148,Action,8.8,1952097.0,WB,292576195.0,4.0,8.0
284213,Suicide Squad,2016,123,Action,6.0,574784.0,WB,325100054.0,1.0,1.0
284215,Total Recall,2012,118,Action,6.3,234831.0,Sony,119412921.0,1.0,2.0
284565,Mad Max: Fury Road,2015,120,Action,8.1,833874.0,WB,154058340.0,6.0,10.0
285225,True Grit,2010,110,Drama,7.6,297965.0,Par.,171243005.0,1.0,2.0
285717,Beauty and the Beast,2010,90,Drama,3.1,1591.0,BV,218967620.0,2.0,6.0
286197,Champion,2003,166,Action,6.1,97.0,AAE,175232.0,1.0,6.0
286377,Limelight,2011,103,Documentary,6.7,421.0,Magn.,60335.0,1.0,7.0
286519,Ordinary People,2009,79,Drama,6.1,354.0,Par.,54766923.0,4.0,6.0
287839,Chinatown,2009,NaN,Mystery,5.5,11.0,Par.,29200000.0,1.0,11.0
288115,Gravity,2009,97,Crime,6.7,773.0,WB,274092705.0,7.0,10.0
288732,The Help,2011,146,Drama,8.1,409655.0,BV,169708112.0,1.0,4.0
288751,Gravity,2013,91,Drama,7.7,743779.0,WB,274092705.0,7.0,10.0
288911,No Man's Land,2013,118,Adventure,7.3,1922.0,MGM,1012153.0,1.0,1.0
291656,The King's Speech,2010,118,Biography,8.0,619106.0,Wein.,138797449.0,4.0,12.0
291842,The Fighter,2009,90,Action,4.4,62.0,Par.,93617009.0,2.0,7.0
292558,A Star Is Born,2018,136,Drama,7.7,305432.0,WB,4335968.0,1.0,8.0
292559,A Star Is Born,2018,136,Drama,7.7,305432.0,WB,4335968.0,1.0,4.0
292560,A Star Is Born,2018,136,Drama,7.7,305432.0,WB,4335968.0,2.0,7.0
293637,Beginners,2010,105,Comedy,7.2,85811.0,Focus,5790894.0,1.0,1.0
294340,Feast,2009,NaN,Horror,5.6,30.0,W/Dim.,56131.0,1.0,1.0
296089,Missing,2009,99,Thriller,6.0,541.0,Uni.,14000000.0,1.0,4.0
296503,The Girl with the Dragon Tattoo,2011,158,Crime,7.8,404703.0,MBox,10095170.0,1.0,5.0
298746,The Big Short,2015,130,Biography,7.8,337399.0,Par.,70259870.0,1.0,5.0
299150,Amour,2012,127,Drama,7.9,89272.0,SPC,6739492.0,1.0,5.0
299353,Midnight in Paris,2011,96,Comedy,7.7,371761.0,SPC,56817045.0,1.0,4.0
299429,The River,2002,50,Drama,6.7,201.0,Uni.,11489982.0,1.0,4.0
299476,Iris,2011,85,Drama,5.8,127.0,Mira.,5594617.0,1.0,3.0
299823,Frozen,2010,92,Fantasy,5.4,79.0,BV,400738009.0,2.0,2.0
300003,Kon-Tiki,2012,118,Adventure,7.2,43850.0,Wein.,1517410.0,1.0,1.0
300201,Monster,2010,85,Action,4.8,12.0,NM,34469210.0,1.0,1.0
301626,Inside Out,2011,93,Crime,4.5,1602.0,BV,356461711.0,1.0,2.0
301841,Inside Job,2010,109,Crime,8.2,67343.0,SPC,4312735.0,1.0,1.0
302496,Ghost,2010,115,Drama,5.7,241.0,Par.,217631306.0,2.0,5.0
302514,The Artist,2011,100,Comedy,7.9,223946.0,Wein.,44671682.0,5.0,10.0
302647,Freeheld,2015,103,Biography,6.6,11131.0,LGF,573335.0,1.0,1.0
302931,The Revenant,2015,156,Action,8.0,669166.0,Fox,183637894.0,3.0,12.0
304975,Pinocchio,2012,75,Animation,6.3,249.0,Dis.,84254167.0,2.0,2.0
304976,Pinocchio,2012,75,Animation,6.3,249.0,Mira.,3684305.0,2.0,2.0
305578,Working Girl,2010,151,Drama,7.7,7.0,Fox,63779477.0,1.0,6.0
305680,Tarzan,2013,94,Adventure,4.8,11954.0,BV,171091819.0,1.0,1.0
307073,The Box,2011,89,Drama,6.2,52.0,WB,15051977.0,1.0,1.0
310041,Avatar,2011,93,Horror,6.1,43.0,Fox,760507625.0,3.0,9.0
310394,Wilson,2017,94,Comedy,5.8,9465.0,FoxS,653951.0,5.0,10.0
310407,Anna Karenina,2012,129,Drama,6.6,88324.0,Focus,12816367.0,1.0,4.0
310886,Restoration,2011,102,Drama,6.8,211.0,Mira.,4005941.0,2.0,2.0
310905,The Salesman,2011,107,Drama,7.0,573.0,Cohen,2402067.0,1.0,1.0
311165,Zero Dark Thirty,2012,157,Drama,7.4,261572.0,Sony,95720716.0,1.0,5.0
313024,Traffic,2011,122,Action,8.1,3882.0,USA,124115725.0,4.0,5.0
313252,Black Panther,2018,134,Action,7.3,576671.0,BV,700059566.0,3.0,7.0
313342,The Artist,2011,100,Thriller,7.1,7.0,Wein.,44671682.0,5.0,10.0
313795,A Separation,2011,123,Drama,8.3,209458.0,SPC,7099055.0,1.0,2.0
314093,Great Expectations,2012,128,Drama,6.4,11862.0,Fox,26420672.0,2.0,5.0
315468,Django Unchained,2012,165,Drama,8.4,1287536.0,Wein.,162805434.0,2.0,5.0
315628,Blade Runner 2049,2017,164,Action,8.0,425695.0,WB,92054159.0,2.0,5.0
315893,Love Story,2011,96,Drama,7.5,26.0,Par.,106397186.0,1.0,7.0
317794,Spotlight,2015,129,Biography,8.1,394722.0,ORF,45055776.0,2.0,6.0
317981,Chinatown,2011,NaN,Comedy,3.7,442.0,Par.,29200000.0,1.0,11.0
318477,Joker,2012,104,Comedy,2.4,4817.0,UTV,169181.0,2.0,11.0
319479,The Last Days,2013,100,Horror,6.1,7564.0,Oct.,421432.0,1.0,1.0
323604,Somebody Up There Likes Me,2012,76,Comedy,5.8,1454.0,Trib.,89435.0,2.0,3.0
324131,12 Years a Slave,2013,134,Biography,8.1,611087.0,FoxS,56671993.0,3.0,9.0
326398,Dangerous Liaisons,2012,110,Drama,5.9,1743.0,WB,34670720.0,3.0,7.0
326415,Inside Out,2011,59,Family,7.4,17.0,BV,356461711.0,1.0,2.0
327508,The Imitation Game,2014,114,Biography,8.0,653289.0,Wein.,91125683.0,1.0,8.0
328396,Inside Out,2015,95,Adventure,8.2,577733.0,BV,356461711.0,1.0,2.0
329875,Hacksaw Ridge,2016,139,Biography,8.1,404169.0,LGF,67209615.0,2.0,6.0
330285,Searching for Sugar Man,2012,86,Biography,8.2,61455.0,SPC,3696196.0,1.0,1.0
330294,The House I Live In,2012,108,Documentary,7.9,5094.0,Abr.,210752.0,1.0,0.0
331044,The Accountant,2016,128,Action,7.3,248205.0,WB,86260045.0,1.0,1.0
332905,Ghost,2012,118,Horror,2.3,213.0,Par.,217631306.0,2.0,5.0
333148,American Sniper,2014,133,Action,7.3,421383.0,WB,350126372.0,1.0,6.0
335792,The Jungle Book,2014,64,Animation,6.9,62.0,Dis.,141843612.0,1.0,1.0
336810,Big Hero 6,2014,102,Action,7.8,393456.0,BV,222527828.0,1.0,1.0
336920,Love Story,2011,92,Romance,6.6,115.0,Par.,106397186.0,1.0,7.0
337724,King Solomon's Mines,1919,89,Adventure,6.4,13.0,Can.,15057465.0,2.0,3.0
338568,The Grand Budapest Hotel,2014,99,Adventure,8.1,672007.0,FoxS,59301324.0,4.0,9.0
339484,Frozen,2013,102,Adventure,7.4,552120.0,BV,400738009.0,2.0,2.0
340672,Beauty and the Beast,2014,112,Drama,6.4,18945.0,BV,218967620.0,2.0,6.0
341936,Blue Jasmine,2013,98,Drama,7.3,186157.0,SPC,33405481.0,1.0,3.0
342619,Unforgiven,2013,135,Action,7.1,2081.0,WB,101157447.0,4.0,9.0
343311,The Great Beauty,2013,141,Drama,7.8,76819.0,Jan.,2852400.0,1.0,1.0
343789,The Fog of War,2011,83,Horror,5.6,16.0,SPC,4198566.0,1.0,1.0
344740,Spectre,2015,148,Action,6.8,370309.0,Sony,200074609.0,1.0,1.0
344821,Coco,2017,105,Adventure,8.4,333513.0,BV,209726015.0,2.0,2.0
345793,20 Feet from Stardom,2013,91,Biography,7.4,11863.0,RTWC,4946445.0,1.0,1.0
345864,Mask,2015,79,Documentary,7.3,18.0,Uni.,48230162.0,1.0,1.0
348931,The Way We Were,2011,NaN,Drama,5.3,6.0,Col.,45000000.0,2.0,6.0
349486,Titanic,2012,NaN,Adventure,6.2,20.0,Par.,659363944.0,11.0,14.0
349487,Titanic,2012,NaN,Adventure,6.2,20.0,Par.,659363944.0,1.0,2.0
350865,Arrival,2016,116,Drama,7.9,559641.0,Par.,100546139.0,1.0,8.0
351059,The Queen,2012,104,Action,6.5,142.0,Mira.,56441711.0,1.0,6.0
352275,Whiplash,2014,106,Drama,8.5,670635.0,SPC,13092000.0,3.0,5.0
352870,Inside Out,2013,75,Biography,7.4,63.0,BV,356461711.0,1.0,2.0
352883,The Long Way Home,2013,112,Drama,7.3,660.0,7Art,60509.0,1.0,1.0
353886,Ben-Hur,2016,123,Action,5.7,40047.0,MGM,74000000.0,11.0,12.0
354981,Fences,2016,139,Drama,7.2,93198.0,Par.,57682904.0,1.0,4.0
356053,Ida,2013,82,Drama,7.4,50315.0,MBox,3827060.0,1.0,2.0
356651,Great Expectations,2013,145,Drama,6.8,73.0,Fox,26420672.0,2.0,5.0
357517,Beauty and the Beast,2017,129,Family,7.1,257728.0,BV,218967620.0,2.0,6.0
358514,Witness,2012,96,Action,5.3,12.0,Par.,68706993.0,2.0,8.0
360141,Amy,2015,128,Biography,7.8,46397.0,A24,8413144.0,1.0,1.0
361975,Traffic,2016,104,Adventure,6.7,2374.0,USA,124115725.0,4.0,5.0
362202,Zootopia,2016,108,Adventure,8.0,411092.0,BV,341268248.0,1.0,1.0
363241,The Theory of Everything,2014,123,Biography,7.7,382283.0,Focus,35893537.0,1.0,5.0
363829,Joker,2013,94,Action,5.5,12.0,UTV,169181.0,2.0,11.0
364005,Amy,2013,94,Horror,2.0,254.0,A24,8413144.0,1.0,1.0
364010,Coming Home,2014,86,Documentary,6.9,15.0,UA,32653905.0,3.0,8.0
364811,The Jungle Book,2016,106,Adventure,7.4,251151.0,Dis.,141843612.0,1.0,1.0
365829,Rocky,2013,136,Action,6.0,57.0,UA,117235147.0,3.0,10.0
366781,Being There,2011,56,Adventure,8.4,45.0,MGM,30177511.0,1.0,2.0
367578,Coming Home,2014,109,Drama,7.2,5057.0,UA,32653905.0,3.0,8.0
369120,Room,2015,118,Drama,8.1,345175.0,A24,14677654.0,1.0,4.0
369121,Room,2015,118,Drama,8.1,345175.0,7F,5228.0,1.0,4.0
371172,The Box,1998,NaN,Comedy,6.7,9.0,WB,15051977.0,1.0,1.0
373366,The Revenant,2012,80,Horror,5.7,21.0,Fox,183637894.0,3.0,12.0
373936,Still Alice,2014,101,Drama,7.5,122430.0,SPC,18754371.0,1.0,1.0
374020,Emma,2016,70,Thriller,3.7,147.0,Mira.,22231658.0,1.0,2.0
375873,A Separation,2013,70,Documentary,7.0,64.0,SPC,7099055.0,1.0,2.0
376671,Murder on the Orient Express,2017,114,Crime,6.5,196653.0,Par.,27634716.0,1.0,6.0
378848,The Hateful Eight,2015,168,Crime,7.8,485161.0,Wein.,54117416.0,1.0,3.0
379289,Sing,2016,108,Animation,7.1,126123.0,Uni.,270395425.0,1.0,1.0
379290,Sing,2016,108,Animation,7.1,126123.0,TriS,2260616.0,1.0,1.0
382411,The Long Way Home,2014,70,Documentary,8.8,9.0,7Art,60509.0,1.0,1.0
383742,Monster,2014,113,Action,6.5,900.0,NM,34469210.0,1.0,1.0
383848,Fantasia,2014,86,Drama,5.5,44.0,Dis.,76408097.0,2.0,0.0
387083,Bridge of Spies,2015,142,Drama,7.6,275744.0,BV,72313754.0,1.0,6.0
391007,La La Land,2016,128,Comedy,8.0,473768.0,LG/S,151101803.0,6.0,14.0
391789,Son of Saul,2015,107,Drama,7.5,42603.0,SPC,1777043.0,1.0,1.0
391931,A Midsummer Night's Dream,2014,144,Comedy,7.2,194.0,FoxS,16071990.0,2.0,11.0
392775,Aliens,2014,88,Comedy,2.5,10.0,Fox,85160248.0,2.0,7.0
392987,Restoration,2016,50,Sci-Fi,5.9,105.0,Mira.,4005941.0,2.0,2.0
398430,Manchester by the Sea,2016,137,Drama,7.8,231848.0,RAtt.,47695371.0,2.0,6.0
398496,Speed,2015,108,Drama,5.4,10.0,Fox,121248145.0,2.0,3.0
398700,Citizenfour,2014,114,Biography,8.1,50396.0,RTWC,2800870.0,1.0,1.0
399251,Traffic,2014,110,Documentary,9.2,64.0,USA,124115725.0,4.0,5.0
399362,Shine,2017,95,Drama,4.7,187.0,FL,35892330.0,1.0,7.0
400223,Rocky,2008,NaN,Romance,7.5,51.0,UA,117235147.0,3.0,10.0
402038,Iris,2014,79,Biography,7.2,4066.0,Mira.,5594617.0,1.0,3.0
402078,Limelight,2017,90,Drama,6.2,54.0,Magn.,60335.0,1.0,7.0
404424,Pinocchio,2015,96,Family,4.8,59.0,Dis.,84254167.0,2.0,2.0
404425,Pinocchio,2015,96,Family,4.8,59.0,Mira.,3684305.0,2.0,2.0
405155,Restoration,2014,47,Horror,7.3,7.0,Mira.,4005941.0,2.0,2.0
405476,Feast,2014,NaN,Horror,8.1,35.0,W/Dim.,56131.0,1.0,1.0
406599,The Long Way Home,2015,112,Action,6.5,252.0,7Art,60509.0,1.0,1.0
406964,Black Hawk Down,2014,57,Documentary,7.7,207.0,SonR,108638745.0,2.0,4.0
406965,Black Hawk Down,2006,58,Documentary,5.6,16.0,SonR,108638745.0,2.0,4.0
408012,The Fly,2015,48,Drama,6.4,13.0,Fox,40456565.0,1.0,1.0
409302,Milk,2015,91,Documentary,7.2,14.0,Focus,31841299.0,2.0,8.0
410704,Shaft,2019,111,Action,6.4,38878.0,Par.,70334258.0,1.0,2.0
412396,Restoration,2016,92,Horror,4.0,844.0,Mira.,4005941.0,2.0,2.0
413575,Darkest Hour,2017,125,Biography,7.4,157922.0,Focus,56468410.0,2.0,6.0
416444,Driving Miss Daisy,2014,100,Comedy,8.0,148.0,WB,106593296.0,4.0,9.0
419586,Affliction,2015,70,Documentary,5.4,7.0,Lions,6330054.0,1.0,2.0
419619,Coming Home,2016,88,Drama,4.0,7.0,UA,32653905.0,3.0,8.0
424105,Restoration,2016,93,Drama,8.4,21.0,Mira.,4005941.0,2.0,2.0
425589,Moonlight,2016,111,Drama,7.4,253326.0,Indic.,51570.0,3.0,8.0
426517,Dunkirk,2017,106,Action,7.9,512492.0,WB,190068280.0,3.0,8.0
426842,"Three Billboards Outside Ebbing, Missouri",2017,115,Comedy,8.2,394375.0,FoxS,54513740.0,2.0,7.0
427508,Get Out,2017,104,Horror,7.7,455401.0,Uni.,176040665.0,1.0,4.0
427624,Network,2019,140,Drama,8.2,45.0,MGM,23689877.0,4.0,10.0
428323,Champion,2017,116,Drama,5.9,166.0,AAE,175232.0,1.0,6.0
431039,Tess,2016,86,Drama,6.8,205.0,Col.,20093330.0,3.0,6.0
432124,The Salesman,2016,124,Drama,7.8,46488.0,Cohen,2402067.0,1.0,1.0
434507,Pinocchio,2015,75,Documentary,6.8,8.0,Dis.,84254167.0,2.0,2.0
434508,Pinocchio,2015,75,Documentary,6.8,8.0,Mira.,3684305.0,2.0,2.0
440008,The Mission,2016,91,Documentary,6.3,17.0,WB,17218023.0,1.0,7.0
440344,The Little Mermaid,2018,85,Adventure,4.2,7480.0,BV,111543479.0,2.0,3.0
440441,Coming Home,2017,90,Drama,6.1,13.0,UA,32653905.0,3.0,8.0
442770,"I, Tonya",2017,119,Biography,7.5,165795.0,Neon,30014539.0,1.0,3.0
442786,The Shape of Water,2017,123,Adventure,7.3,346432.0,FoxS,63859435.0,4.0,13.0
443782,Joker,2016,130,Comedy,8.4,2763.0,UTV,169181.0,2.0,11.0
444020,American Dream,2016,92,Crime,6.5,13.0,Mira.,269823.0,1.0,1.0
444560,A Fantastic Woman,2017,104,Drama,7.2,20686.0,SPC,2020988.0,1.0,1.0
445304,A Midsummer Night's Dream,2017,105,Comedy,5.5,135.0,FoxS,16071990.0,2.0,11.0
447106,Call Me by Your Name,2017,132,Drama,7.9,186813.0,SPC,18095701.0,1.0,4.0
447808,A Midsummer Night's Dream,2017,106,Comedy,6.1,12.0,FoxS,16071990.0,2.0,11.0
448442,Phantom Thread,2017,130,Drama,7.5,101155.0,Focus,21051680.0,1.0,6.0
450428,The Descendants,2016,80,Drama,7.2,14.0,FoxS,82584160.0,1.0,5.0
452013,Ordinary People,2016,107,Drama,7.4,147.0,Par.,54766923.0,4.0,6.0
453297,Glory,2016,101,Drama,7.6,1869.0,TriS,26828365.0,3.0,5.0
457891,The Lion King,2019,118,Adventure,6.9,186596.0,BV,422783777.0,2.0,4.0
458881,Aladdin,2019,128,Adventure,7.0,201544.0,BV,217350219.0,2.0,5.0
470585,American Dream,2017,NaN,Documentary,8.2,11.0,Mira.,269823.0,1.0,1.0
470876,No Man's Land,2017,81,Documentary,7.7,67.0,MGM,1012153.0,1.0,1.0
471939,Apollo 13,1995,49,Documentary,8.0,34.0,Uni.,173837933.0,2.0,9.0
474068,Mask,2005,90,Drama,6.2,221.0,Uni.,48230162.0,1.0,1.0
477179,Monster,2018,90,Horror,7.2,82.0,NM,34469210.0,1.0,1.0
477344,Who's Afraid of Virginia Woolf?,2017,198,Drama,8.4,147.0,WB,28000000.0,5.0,13.0
480793,Coco,2017,98,Horror,7.4,35.0,BV,209726015.0,2.0,2.0
481005,Anastasia,2019,NaN,Adventure,3.1,113.0,Fox,58406347.0,1.0,2.0
482890,The River,2018,108,Drama,6.3,137.0,Uni.,11489982.0,1.0,4.0
484079,The Patriot,2017,72,Documentary,7.3,6.0,Sony,113330342.0,1.0,5.0
487362,Wilson,2017,104,Documentary,7.5,8.0,FoxS,653951.0,5.0,10.0
487427,Joker,2019,122,Crime,8.5,764565.0,UTV,169181.0,2.0,11.0
488862,BlacKkKlansman,2018,135,Biography,7.5,186185.0,Focus,32037540.0,1.0,6.0
489652,Missing,2018,120,Drama,5.7,1769.0,Uni.,14000000.0,1.0,4.0
489979,Unforgiven,2018,106,Drama,6.1,675.0,WB,101157447.0,4.0,9.0
492007,Hugo,2017,80,Documentary,7.7,12.0,Par.,73864507.0,5.0,11.0
493128,The River,2018,95,Drama,6.9,43.0,Uni.,11489982.0,1.0,4.0
496919,No Man's Land,2019,89,Action,4.0,72.0,MGM,1012153.0,1.0,1.0
497655,King Kong,2018,116,Action,6.8,10.0,Uni.,218080025.0,3.0,4.0
497656,King Kong,2018,116,Action,6.8,10.0,Uni.,218080025.0,1.0,2.0
498920,Spotlight,2015,99,Drama,7.9,13.0,ORF,45055776.0,2.0,6.0
499741,Speed,1997,NaN,NaN,5.8,9.0,Fox,121248145.0,2.0,3.0
502547,The Accused,2018,108,Crime,6.1,1538.0,Par.,32078318.0,1.0,1.0
502955,Underworld,2004,NaN,Crime,6.6,7.0,SGem,51970690.0,1.0,1.0
503289,Sabrina,2018,113,Horror,4.2,1259.0,Par.,53672080.0,1.0,6.0
506059,Emma,2018,77,Drama,5.2,12.0,Mira.,22231658.0,1.0,2.0
510525,Pinocchio,2019,125,Fantasy,6.5,1789.0,Dis.,84254167.0,2.0,2.0
510526,Pinocchio,2019,125,Fantasy,6.5,1789.0,Mira.,3684305.0,2.0,2.0
511258,Champion,2018,108,Drama,6.0,584.0,AAE,175232.0,1.0,6.0
512894,Witness,2019,11,Drama,8.8,9.0,Par.,68706993.0,2.0,8.0
513724,Champion,2019,109,Sport,6.6,66.0,AAE,175232.0,1.0,6.0
515110,Witness,2019,129,Crime,7.4,940.0,Par.,68706993.0,2.0,8.0
519778,Emma,2018,119,Musical,8.1,7.0,Mira.,22231658.0,1.0,2.0
520787,Funny Girl,2018,164,Comedy,7.4,56.0,Col.,52223306.0,1.0,8.0
520823,Titanic,2018,115,Family,4.3,9.0,Par.,659363944.0,11.0,14.0
520824,Titanic,2018,115,Family,4.3,9.0,Par.,659363944.0,1.0,2.0
522067,Airport,1993,147,Drama,6.3,6.0,Uni.,100489151.0,1.0,10.0
525162,Pocahontas,1995,53,Animation,1.8,16.0,BV,141579773.0,2.0,2.0
525932,Monster,2019,139,Comedy,6.8,415.0,NM,34469210.0,1.0,1.0
526851,Champion,2018,130,Biography,8.4,7146.0,AAE,175232.0,1.0,6.0
527745,Beauty and the Beast,2018,60,Family,6.1,8.0,BV,218967620.0,2.0,6.0
529086,Monster,2018,86,Sci-Fi,7.0,23.0,NM,34469210.0,1.0,1.0
531360,Ghost,2019,130,Horror,5.7,1275.0,Par.,217631306.0,2.0,5.0
531367,Mask,2019,131,Comedy,3.7,45.0,Uni.,48230162.0,1.0,1.0
532257,Rocky,2019,NaN,Action,6.2,8.0,UA,117235147.0,3.0,10.0
534552,Chicago,2019,NaN,Comedy,7.2,6.0,Mira.,170687518.0,6.0,13.0
535426,Monster,2019,86,Drama,7.6,45.0,NM,34469210.0,1.0,1.0
536018,All About Eve,2019,148,Drama,8.2,221.0,Fox,63463.0,6.0,14.0
538237,Love Story,2019,110,Comedy,7.3,279.0,Par.,106397186.0,1.0,7.0
539362,Ray,2018,111,Crime,5.2,6.0,Uni.,75331600.0,2.0,6.0
